age_group_original,age_group_10yr,life_stage,age_band_years,row_count,nonzero_rows,zero_ratio,population_sum,population_mean,population_median,nonzero_median,external_population_sum,capped_rows,share_of_total
00-09,00-09,아동청소년,10,4258,474,0.88868,70953.95,16.6637,0.0,8.335,45584.8,3,0.041981
10-14,10-19,아동청소년,5,6672,1067,0.840078,120648.38,18.0828,0.0,6.7,104103.8,2,0.071383
15-19,10-19,아동청소년,5,3450,616,0.821449,41504.95,12.0304,0.0,6.0,41347.66,0,0.024557
20-24,20-29,청년,5,6669,2123,0.681661,104880.51,15.7266,0.0,5.58,90170.63,3,0.062054
25-29,20-29,청년,5,4112,1015,0.753161,50481.87,12.2767,0.0,5.63,41076.63,1,0.029868
30-34,30-39,청년,5,5252,1173,0.776657,44627.84,8.4973,0.0,5.98,44165.16,0,0.026405
35-39,30-39,청년,5,6482,1659,0.74406,248677.98,38.3644,0.0,10.0,224005.49,5,0.147133
40-44,40-49,중장년,5,7509,2102,0.720069,192180.83,25.5934,0.0,6.42,181973.39,2,0.113706
45-49,40-49,중장년,5,6660,1886,0.716817,71431.0,10.7254,0.0,7.25,65451.56,1,0.042263
50-54,50-59,중장년,5,5122,1494,0.708317,207310.98,40.4746,0.0,7.225,185347.04,8,0.122658
55-59,50-59,중장년,5,2925,1254,0.571282,94065.98,32.1593,0.0,5.04,75741.99,1,0.055655
60-64,60-69,중장년,5,4557,1093,0.760149,91022.63,19.9742,0.0,6.0,82267.26,1,0.053855
65-69,60-69,고령,5,4289,1303,0.6962,105489.76,24.5954,0.0,5.18,90334.18,4,0.062414
70-74,70-79,고령,5,4182,644,0.846007,81037.47,19.3777,0.0,6.935,73458.58,3,0.047947
75-79,70-79,고령,5,3339,523,0.843366,46997.48,14.0753,0.0,8.96,46997.48,0,0.027807
80+,80+,고령,,4715,289,0.938706,118845.32,25.2058,0.0,9.17,108879.38,2,0.070316
