date,year,month,day,weekday,weekday_name,is_weekend,has_data,row_count,nonzero_rows,zero_ratio,population_sum,population_mean,population_median,nonzero_median,external_population_sum,capped_rows,share_of_total
2026-01-01,2026,1,1,3,목,False,True,897,266,0.703456,33011.61,36.8022,0.0,7.435,27078.77,2,0.019532
2026-01-02,2026,1,2,4,금,False,True,689,164,0.761974,5433.89,7.8866,0.0,6.55,5433.89,0,0.003215
2026-01-03,2026,1,3,5,토,True,True,1061,176,0.834119,5492.97,5.1772,0.0,6.0,5492.97,0,0.00325
2026-01-04,2026,1,4,6,일,True,True,630,134,0.787302,1001.45,1.5896,0.0,6.0,1001.45,0,0.000593
2026-01-05,2026,1,5,0,월,False,True,349,65,0.813754,19660.72,56.3344,0.0,10.0,19650.72,0,0.011632
2026-01-06,2026,1,6,1,화,False,True,529,110,0.79206,15248.04,28.8243,0.0,6.7,9315.2,1,0.009022
2026-01-07,2026,1,7,2,수,False,True,480,115,0.760417,6546.75,13.6391,0.0,6.0,6546.75,0,0.003873
2026-01-08,2026,1,8,3,목,False,True,321,78,0.757009,3687.82,11.4885,0.0,7.35,3687.82,0,0.002182
2026-01-09,2026,1,9,4,금,False,True,371,79,0.787062,5537.17,14.925,0.0,8.25,5537.17,0,0.003276
2026-01-10,2026,1,10,5,토,True,True,636,180,0.716981,18903.28,29.7221,0.0,6.0,18903.28,0,0.011184
2026-01-11,2026,1,11,6,일,True,True,318,92,0.710692,12936.42,40.6806,0.0,7.75,12936.42,0,0.007654
2026-01-12,2026,1,12,0,월,False,True,409,71,0.826406,1445.02,3.5331,0.0,6.96,1445.02,0,0.000855
2026-01-13,2026,1,13,1,화,False,True,659,163,0.752656,6933.02,10.5205,0.0,4.79,6933.02,0,0.004102
2026-01-14,2026,1,14,2,수,False,True,1263,142,0.887569,1649.54,1.306,0.0,6.19,1475.09,0,0.000976
2026-01-15,2026,1,15,3,목,False,True,399,118,0.704261,16286.16,40.8174,0.0,6.0,16286.16,0,0.009636
2026-01-16,2026,1,16,4,금,False,True,319,74,0.768025,572.21,1.7938,0.0,5.34,572.21,0,0.000339
2026-01-17,2026,1,17,5,토,True,True,384,107,0.721354,55460.64,144.4288,0.0,16.0,55460.64,0,0.032814
2026-01-18,2026,1,18,6,일,True,True,631,74,0.882726,22055.16,34.9527,0.0,11.365,9294.88,0,0.013049
2026-01-19,2026,1,19,0,월,False,True,263,31,0.882129,339.58,1.2912,0.0,4.85,186.89,0,0.000201
2026-01-20,2026,1,20,1,화,False,True,668,171,0.744012,11354.84,16.9983,0.0,5.24,11165.6,0,0.006718
2026-01-21,2026,1,21,2,수,False,True,536,53,0.901119,419.17,0.782,0.0,6.45,419.17,0,0.000248
2026-01-22,2026,1,22,3,목,False,True,751,139,0.814913,16427.56,21.8742,0.0,6.0,16427.56,0,0.00972
2026-01-23,2026,1,23,4,금,False,True,681,150,0.779736,29276.86,42.991,0.0,10.34,29276.86,0,0.017322
2026-01-24,2026,1,24,5,토,True,True,515,164,0.681553,1321.9,2.5668,0.0,6.165,1257.12,0,0.000782
2026-01-25,2026,1,25,6,일,True,True,329,90,0.726444,9162.95,27.8509,0.0,6.135,9126.17,1,0.005421
2026-01-26,2026,1,26,0,월,False,True,384,112,0.708333,25003.39,65.113,0.0,9.29,20000.49,0,0.014794
2026-01-27,2026,1,27,1,화,False,True,1070,111,0.896262,1289.8,1.2054,0.0,5.21,1270.35,0,0.000763
2026-01-28,2026,1,28,2,수,False,True,887,255,0.712514,23102.82,26.046,0.0,6.31,23102.82,0,0.013669
2026-01-29,2026,1,29,3,목,False,True,324,91,0.719136,899.87,2.7774,0.0,6.46,899.87,0,0.000532
2026-01-30,2026,1,30,4,금,False,True,291,62,0.786942,4736.33,16.276,0.0,8.55,4736.33,0,0.002802
2026-01-31,2026,1,31,5,토,True,True,434,83,0.808756,3853.24,8.8784,0.0,6.66,3853.24,0,0.00228
2026-02-01,2026,2,1,6,일,True,True,917,346,0.622683,108626.74,118.4588,0.0,12.015,90817.45,7,0.06427
2026-02-02,2026,2,2,0,월,False,True,774,209,0.729974,4589.61,5.9297,0.0,4.9,4589.61,0,0.002715
2026-02-03,2026,2,3,1,화,False,True,290,52,0.82069,516.11,1.7797,0.0,7.595,516.11,0,0.000305
2026-02-04,2026,2,4,2,수,False,True,421,68,0.83848,1824.39,4.3335,0.0,5.88,1824.39,0,0.001079
2026-02-05,2026,2,5,3,목,False,True,284,54,0.809859,578.75,2.0379,0.0,6.33,578.75,0,0.000342
2026-02-06,2026,2,6,4,금,False,True,454,125,0.72467,13642.3,30.0491,0.0,6.85,7542.91,1,0.008072
2026-02-07,2026,2,7,5,토,True,True,685,83,0.878832,768.55,1.122,0.0,6.41,768.55,0,0.000455
2026-02-08,2026,2,8,6,일,True,True,789,112,0.858048,1543.99,1.9569,0.0,6.43,1543.99,0,0.000914
2026-02-09,2026,2,9,0,월,False,True,297,39,0.868687,482.58,1.6248,0.0,5.34,482.58,0,0.000286
2026-02-10,2026,2,10,1,화,False,True,901,161,0.82131,7387.87,8.1996,0.0,5.04,7387.87,0,0.004371
2026-02-11,2026,2,11,2,수,False,True,438,70,0.840183,1079.04,2.4636,0.0,6.1,1079.04,0,0.000638
2026-02-12,2026,2,12,3,목,False,True,244,33,0.864754,241.11,0.9882,0.0,4.93,241.11,0,0.000143
2026-02-13,2026,2,13,4,금,False,True,438,160,0.634703,9396.42,21.453,0.0,6.315,9396.42,0,0.005559
2026-02-14,2026,2,14,5,토,True,True,387,86,0.777778,4434.17,11.4578,0.0,6.615,4434.17,0,0.002624
2026-02-15,2026,2,15,6,일,True,True,439,199,0.546697,36496.4,83.1353,0.0,10.0,20563.61,0,0.021593
2026-02-16,2026,2,16,0,월,False,True,465,140,0.698925,5724.97,12.3118,0.0,8.51,5724.97,0,0.003387
2026-02-17,2026,2,17,1,화,False,True,618,224,0.63754,39067.19,63.2155,0.0,10.34,9682.53,0,0.023115
2026-02-18,2026,2,18,2,수,False,True,449,163,0.636971,14807.53,32.9789,0.0,7.58,14657.2,0,0.008761
2026-02-19,2026,2,19,3,목,False,True,510,114,0.776471,14572.05,28.5726,0.0,5.915,14231.13,1,0.008622
2026-02-20,2026,2,20,4,금,False,True,440,131,0.702273,26721.25,60.7301,0.0,6.78,26721.25,1,0.01581
2026-02-21,2026,2,21,5,토,True,True,401,65,0.837905,769.46,1.9189,0.0,4.7,769.46,0,0.000455
2026-02-22,2026,2,22,6,일,True,True,488,65,0.866803,1273.46,2.6095,0.0,6.0,1273.46,0,0.000753
2026-02-23,2026,2,23,0,월,False,True,269,81,0.698885,4503.36,16.7411,0.0,5.32,4503.36,0,0.002664
2026-02-24,2026,2,24,1,화,False,True,594,155,0.739057,5095.08,8.5776,0.0,7.68,5095.08,0,0.003015
2026-02-25,2026,2,25,2,수,False,True,493,67,0.864097,6842.48,13.8793,0.0,7.49,6842.48,0,0.004048
2026-02-26,2026,2,26,3,목,False,True,403,64,0.841191,3665.08,9.0945,0.0,5.6,3665.08,0,0.002168
2026-02-27,2026,2,27,4,금,False,True,495,127,0.743434,15342.57,30.9951,0.0,6.03,15318.97,0,0.009078
2026-02-28,2026,2,28,5,토,True,True,781,186,0.761844,17134.59,21.9393,0.0,6.675,17134.59,0,0.010138
2026-03-01,2026,3,1,6,일,True,True,580,186,0.67931,1665.3,2.8712,0.0,5.35,1665.3,0,0.000985
2026-03-02,2026,3,2,0,월,False,True,641,120,0.812793,17189.05,26.816,0.0,5.35,17189.05,0,0.01017
2026-03-03,2026,3,3,1,화,False,True,269,55,0.795539,3579.49,13.3067,0.0,7.82,3579.49,0,0.002118
2026-03-04,2026,3,4,2,수,False,True,424,69,0.837264,821.67,1.9379,0.0,6.29,821.67,0,0.000486
2026-03-05,2026,3,5,3,목,False,True,304,60,0.802632,4642.51,15.2714,0.0,6.755,4642.51,0,0.002747
2026-03-06,2026,3,6,4,금,False,True,358,52,0.854749,4750.24,13.2688,0.0,6.0,4750.24,0,0.002811
2026-03-07,2026,3,7,5,토,True,True,904,276,0.69469,38565.61,42.6611,0.0,8.0,38565.61,0,0.022818
2026-03-08,2026,3,8,6,일,True,True,639,173,0.729264,6327.6,9.9023,0.0,6.11,6327.6,0,0.003744
2026-03-09,2026,3,9,0,월,False,True,490,95,0.806122,3850.85,7.8589,0.0,5.05,3840.12,0,0.002278
2026-03-10,2026,3,10,1,화,False,True,339,82,0.758112,3924.79,11.5776,0.0,6.0,3924.79,0,0.002322
2026-03-11,2026,3,11,2,수,False,True,290,95,0.672414,4877.79,16.82,0.0,5.78,4769.96,0,0.002886
2026-03-12,2026,3,12,3,목,False,True,448,94,0.790179,5383.27,12.0162,0.0,6.715,5383.27,0,0.003185
2026-03-13,2026,3,13,4,금,False,True,1036,245,0.763514,13294.93,12.8329,0.0,5.92,13294.93,0,0.007866
2026-03-14,2026,3,14,5,토,True,True,763,235,0.692005,5420.59,7.1043,0.0,6.14,5420.59,0,0.003207
2026-03-15,2026,3,15,6,일,True,True,487,138,0.716632,8948.66,18.3751,0.0,7.09,8948.66,0,0.005295
2026-03-16,2026,3,16,0,월,False,True,551,123,0.77677,20235.36,36.7248,0.0,9.33,8349.56,2,0.011972
2026-03-17,2026,3,17,1,화,False,True,683,180,0.736457,70117.87,102.6616,0.0,8.45,64185.03,2,0.041486
2026-03-18,2026,3,18,2,수,False,True,232,67,0.711207,707.51,3.0496,0.0,5.99,707.51,0,0.000419
2026-03-19,2026,3,19,3,목,False,True,402,121,0.699005,976.07,2.428,0.0,6.37,976.07,0,0.000578
2026-03-20,2026,3,20,4,금,False,True,336,90,0.732143,10514.1,31.292,0.0,6.03,10514.1,0,0.006221
2026-03-21,2026,3,21,5,토,True,True,829,112,0.864897,656.39,0.7918,0.0,4.435,656.39,0,0.000388
2026-03-22,2026,3,22,6,일,True,True,501,120,0.760479,1852.61,3.6978,0.0,6.0,1852.61,0,0.001096
2026-03-23,2026,3,23,0,월,False,True,336,100,0.702381,808.6,2.4065,0.0,6.21,808.6,0,0.000478
2026-03-24,2026,3,24,1,화,False,True,262,38,0.854962,495.5,1.8912,0.0,9.535,495.5,0,0.000293
2026-03-25,2026,3,25,2,수,False,True,930,130,0.860215,43783.08,47.0786,0.0,8.0,25984.56,3,0.025905
2026-03-26,2026,3,26,3,목,False,True,754,117,0.844828,6613.97,8.7718,0.0,5.13,6613.97,0,0.003913
2026-03-27,2026,3,27,4,금,False,True,554,183,0.669675,25994.96,46.9223,0.0,6.0,25994.96,1,0.01538
2026-03-28,2026,3,28,5,토,True,True,794,304,0.617128,25841.57,32.5461,0.0,6.0,24784.92,0,0.015289
2026-03-29,2026,3,29,6,일,True,True,645,174,0.730233,5654.82,8.7672,0.0,7.04,5654.82,0,0.003346
2026-03-30,2026,3,30,0,월,False,True,511,106,0.792564,4994.01,9.773,0.0,6.0,4994.01,0,0.002955
2026-03-31,2026,3,31,1,화,False,True,632,164,0.740506,4814.67,7.6181,0.0,4.675,4814.67,0,0.002849
2026-04-01,2026,4,1,2,수,False,True,723,116,0.839557,1247.27,1.7251,0.0,7.59,1247.27,0,0.000738
2026-04-02,2026,4,2,3,목,False,True,873,267,0.694158,14329.03,16.4136,0.0,6.53,14322.47,0,0.008478
2026-04-03,2026,4,3,4,금,False,True,578,135,0.766436,972.54,1.6826,0.0,5.19,972.54,0,0.000575
2026-04-04,2026,4,4,5,토,True,True,297,123,0.585859,4967.41,16.7253,0.0,6.0,2001.89,0,0.002939
2026-04-05,2026,4,5,6,일,True,True,476,124,0.739496,1820.75,3.8251,0.0,6.075,1820.75,0,0.001077
2026-04-06,2026,4,6,0,월,False,True,567,129,0.772487,11483.35,20.2528,0.0,6.46,11483.35,0,0.006794
2026-04-07,2026,4,7,1,화,False,True,351,45,0.871795,1736.04,4.946,0.0,6.24,1736.04,0,0.001027
2026-04-08,2026,4,8,2,수,False,True,475,81,0.829474,3849.75,8.1047,0.0,4.64,3844.0,0,0.002278
2026-04-09,2026,4,9,3,목,False,True,330,29,0.912121,267.2,0.8097,0.0,5.1,267.2,0,0.000158
2026-04-10,2026,4,10,4,금,False,True,643,147,0.771384,6592.32,10.2524,0.0,8.0,6592.32,0,0.0039
2026-04-11,2026,4,11,5,토,True,True,381,103,0.729659,12201.79,32.0257,0.0,5.64,12201.79,0,0.007219
2026-04-12,2026,4,12,6,일,True,True,286,44,0.846154,375.8,1.314,0.0,5.535,375.8,0,0.000222
2026-04-13,2026,4,13,0,월,False,True,503,126,0.749503,15601.55,31.017,0.0,6.45,15601.55,0,0.009231
2026-04-14,2026,4,14,1,화,False,True,440,81,0.815909,1634.65,3.7151,0.0,5.95,1634.65,0,0.000967
2026-04-15,2026,4,15,2,수,False,True,477,113,0.763103,1368.57,2.8691,0.0,7.49,1368.57,0,0.00081
2026-04-16,2026,4,16,3,목,False,True,697,148,0.787661,4662.16,6.6889,0.0,7.27,4496.99,0,0.002758
2026-04-17,2026,4,17,4,금,False,True,693,165,0.761905,1887.14,2.7231,0.0,4.77,1887.14,0,0.001117
2026-04-18,2026,4,18,5,토,True,True,620,253,0.591935,21604.29,34.8456,0.0,7.0,15659.99,1,0.012782
2026-04-19,2026,4,19,6,일,True,True,228,74,0.675439,1086.21,4.7641,0.0,5.115,1086.21,0,0.000643
2026-04-20,2026,4,20,0,월,False,True,401,90,0.775561,34052.88,84.9199,0.0,9.05,34035.88,1,0.020148
2026-04-21,2026,4,21,1,화,False,True,381,70,0.816273,419.83,1.1019,0.0,4.565,419.83,0,0.000248
2026-04-22,2026,4,22,2,수,False,True,552,81,0.853261,3472.6,6.2909,0.0,4.64,3472.6,0,0.002055
2026-04-23,2026,4,23,3,목,False,True,890,164,0.81573,10459.41,11.7521,0.0,6.0,1320.47,1,0.006188
2026-04-24,2026,4,24,4,금,False,True,554,84,0.848375,21757.99,39.2744,0.0,6.86,20783.8,0,0.012873
2026-04-25,2026,4,25,5,토,True,True,379,48,0.873351,1236.29,3.262,0.0,5.88,1236.29,0,0.000731
2026-04-26,2026,4,26,6,일,True,True,556,200,0.640288,14532.12,26.1369,0.0,5.48,14532.12,0,0.008598
2026-04-27,2026,4,27,0,월,False,True,511,68,0.866928,592.12,1.1587,0.0,6.0,592.12,0,0.00035
2026-04-28,2026,4,28,1,화,False,True,645,240,0.627907,10953.98,16.9829,0.0,9.87,10953.98,0,0.006481
2026-04-29,2026,4,29,2,수,False,True,480,90,0.8125,6269.06,13.0605,0.0,5.17,6269.06,0,0.003709
2026-04-30,2026,4,30,3,목,False,True,544,75,0.862132,1787.1,3.2851,0.0,5.33,1787.1,0,0.001057
2026-05-01,2026,5,1,4,금,False,False,0,0,,,,,,,0,
2026-05-02,2026,5,2,5,토,True,False,0,0,,,,,,,0,
2026-05-03,2026,5,3,6,일,True,False,0,0,,,,,,,0,
2026-05-04,2026,5,4,0,월,False,False,0,0,,,,,,,0,
2026-05-05,2026,5,5,1,화,False,False,0,0,,,,,,,0,
2026-05-06,2026,5,6,2,수,False,False,0,0,,,,,,,0,
2026-05-07,2026,5,7,3,목,False,False,0,0,,,,,,,0,
2026-05-08,2026,5,8,4,금,False,False,0,0,,,,,,,0,
2026-05-09,2026,5,9,5,토,True,False,0,0,,,,,,,0,
2026-05-10,2026,5,10,6,일,True,False,0,0,,,,,,,0,
2026-05-11,2026,5,11,0,월,False,False,0,0,,,,,,,0,
2026-05-12,2026,5,12,1,화,False,False,0,0,,,,,,,0,
2026-05-13,2026,5,13,2,수,False,False,0,0,,,,,,,0,
2026-05-14,2026,5,14,3,목,False,False,0,0,,,,,,,0,
2026-05-15,2026,5,15,4,금,False,False,0,0,,,,,,,0,
2026-05-16,2026,5,16,5,토,True,False,0,0,,,,,,,0,
2026-05-17,2026,5,17,6,일,True,False,0,0,,,,,,,0,
2026-05-18,2026,5,18,0,월,False,False,0,0,,,,,,,0,
2026-05-19,2026,5,19,1,화,False,False,0,0,,,,,,,0,
2026-05-20,2026,5,20,2,수,False,False,0,0,,,,,,,0,
2026-05-21,2026,5,21,3,목,False,False,0,0,,,,,,,0,
2026-05-22,2026,5,22,4,금,False,False,0,0,,,,,,,0,
2026-05-23,2026,5,23,5,토,True,False,0,0,,,,,,,0,
2026-05-24,2026,5,24,6,일,True,False,0,0,,,,,,,0,
2026-05-25,2026,5,25,0,월,False,False,0,0,,,,,,,0,
2026-05-26,2026,5,26,1,화,False,False,0,0,,,,,,,0,
2026-05-27,2026,5,27,2,수,False,False,0,0,,,,,,,0,
2026-05-28,2026,5,28,3,목,False,False,0,0,,,,,,,0,
2026-05-29,2026,5,29,4,금,False,False,0,0,,,,,,,0,
2026-05-30,2026,5,30,5,토,True,False,0,0,,,,,,,0,
2026-05-31,2026,5,31,6,일,True,False,0,0,,,,,,,0,
2026-06-01,2026,6,1,0,월,False,True,446,73,0.836323,962.0,2.157,0.0,6.06,791.97,0,0.000569
2026-06-02,2026,6,2,1,화,False,True,576,166,0.711806,3470.65,6.0254,0.0,5.31,3470.65,0,0.002053
2026-06-03,2026,6,3,2,수,False,True,387,68,0.824289,514.83,1.3303,0.0,5.62,514.83,0,0.000305
2026-06-04,2026,6,4,3,목,False,True,414,45,0.891304,373.15,0.9013,0.0,6.18,373.15,0,0.000221
2026-06-05,2026,6,5,4,금,False,True,391,135,0.654731,1740.75,4.452,0.0,7.76,1740.75,0,0.00103
2026-06-06,2026,6,6,5,토,True,True,623,172,0.723917,14867.64,23.8646,0.0,6.605,14867.64,0,0.008797
2026-06-07,2026,6,7,6,일,True,True,797,338,0.57591,47245.74,59.2795,0.0,12.765,47234.54,0,0.027953
2026-06-08,2026,6,8,0,월,False,True,326,45,0.861963,405.32,1.2433,0.0,6.0,405.32,0,0.00024
2026-06-09,2026,6,9,1,화,False,True,574,150,0.738676,30109.67,52.4559,0.0,8.535,30109.67,1,0.017815
2026-06-10,2026,6,10,2,수,False,True,642,105,0.836449,5577.76,8.6881,0.0,4.56,5577.76,0,0.0033
2026-06-11,2026,6,11,3,목,False,True,372,39,0.895161,210.18,0.565,0.0,4.5,210.18,0,0.000124
2026-06-12,2026,6,12,4,금,False,True,533,129,0.757974,9112.67,17.0969,0.0,7.8,9112.67,0,0.005392
2026-06-13,2026,6,13,5,토,True,True,456,130,0.714912,1731.38,3.7969,0.0,6.57,1720.61,0,0.001024
2026-06-14,2026,6,14,6,일,True,True,367,55,0.850136,771.01,2.1008,0.0,6.02,771.01,0,0.000456
2026-06-15,2026,6,15,0,월,False,True,654,188,0.712538,80085.42,122.4548,0.0,9.17,68058.21,3,0.047383
2026-06-16,2026,6,16,1,화,False,True,623,172,0.723917,10616.02,17.0402,0.0,7.505,5745.5,0,0.006281
2026-06-17,2026,6,17,2,수,False,True,328,66,0.79878,8799.18,26.8268,0.0,7.75,8799.18,0,0.005206
2026-06-18,2026,6,18,3,목,False,True,629,118,0.812401,914.77,1.4543,0.0,5.84,914.77,0,0.000541
2026-06-19,2026,6,19,4,금,False,True,419,116,0.72315,27803.04,66.3557,0.0,6.195,27803.04,2,0.01645
2026-06-20,2026,6,20,5,토,True,True,726,244,0.663912,14484.39,19.951,0.0,8.055,8361.99,1,0.00857
2026-06-21,2026,6,21,6,일,True,True,767,280,0.634941,28543.08,37.2139,0.0,5.495,28543.08,0,0.016888
2026-06-22,2026,6,22,0,월,False,True,309,119,0.614887,4485.14,14.515,0.0,5.58,4485.14,0,0.002654
2026-06-23,2026,6,23,1,화,False,True,491,53,0.892057,522.08,1.0633,0.0,6.55,522.08,0,0.000309
2026-06-24,2026,6,24,2,수,False,True,407,57,0.859951,4872.99,11.9729,0.0,6.07,4872.99,0,0.002883
2026-06-25,2026,6,25,3,목,False,True,426,102,0.760563,36245.63,85.0836,0.0,13.08,31388.58,0,0.021445
2026-06-26,2026,6,26,4,금,False,True,427,110,0.742389,1469.17,3.4407,0.0,7.3,1469.17,0,0.000869
2026-06-27,2026,6,27,5,토,True,True,445,101,0.773034,5319.05,11.9529,0.0,5.84,5319.05,0,0.003147
2026-06-28,2026,6,28,6,일,True,True,630,114,0.819048,56764.89,90.103,0.0,7.69,51647.52,4,0.033586
2026-06-29,2026,6,29,0,월,False,True,1159,290,0.749784,14820.66,12.7875,0.0,5.055,14820.66,0,0.008769
2026-06-30,2026,6,30,1,화,False,True,752,219,0.708777,10616.75,14.118,0.0,6.27,10578.43,0,0.006282
