date,gender_code,gender_label,row_count,nonzero_rows,zero_ratio,population_sum,population_mean,population_median,nonzero_median,external_population_sum,capped_rows,share_of_total,share_within_group
2026-01-01,male,남성,467,170,0.635974,26525.6,56.8,0.0,8.0,20592.76,2,0.015694,0.803523
2026-01-01,female,여성,430,96,0.776744,6486.01,15.0837,0.0,6.665,6486.01,0,0.003838,0.196477
2026-01-02,male,남성,403,112,0.722084,5031.81,12.4859,0.0,7.455,5031.81,0,0.002977,0.926005
2026-01-02,female,여성,286,52,0.818182,402.08,1.4059,0.0,5.88,402.08,0,0.000238,0.073995
2026-01-03,male,남성,579,112,0.806563,1342.76,2.3191,0.0,6.19,1342.76,0,0.000794,0.244451
2026-01-03,female,여성,482,64,0.86722,4150.21,8.6104,0.0,5.09,4150.21,0,0.002456,0.755549
2026-01-04,male,남성,356,90,0.747191,765.15,2.1493,0.0,6.41,765.15,0,0.000453,0.764042
2026-01-04,female,여성,274,44,0.839416,236.3,0.8624,0.0,4.32,236.3,0,0.00014,0.235958
2026-01-05,male,남성,171,41,0.760234,13763.18,80.4864,0.0,12.21,13753.18,0,0.008143,0.700034
2026-01-05,female,여성,178,24,0.865169,5897.54,33.1322,0.0,8.225,5897.54,0,0.003489,0.299966
2026-01-06,male,남성,270,75,0.722222,9073.96,33.6073,0.0,7.37,9073.96,0,0.005369,0.59509
2026-01-06,female,여성,259,35,0.864865,6174.08,23.8381,0.0,5.5,241.24,1,0.003653,0.40491
2026-01-07,male,남성,295,72,0.755932,5568.72,18.877,0.0,6.045,5568.72,0,0.003295,0.850608
2026-01-07,female,여성,185,43,0.767568,978.03,5.2866,0.0,6.0,978.03,0,0.000579,0.149392
2026-01-08,male,남성,203,62,0.694581,3584.1,17.6557,0.0,8.0,3584.1,0,0.002121,0.971875
2026-01-08,female,여성,118,16,0.864407,103.72,0.879,0.0,5.535,103.72,0,6.1e-05,0.028125
2026-01-09,male,남성,230,53,0.769565,5256.58,22.8547,0.0,8.54,5256.58,0,0.00311,0.949326
2026-01-09,female,여성,141,26,0.815603,280.59,1.99,0.0,7.435,280.59,0,0.000166,0.050674
2026-01-10,male,남성,249,81,0.674699,14021.1,56.3096,0.0,8.44,14021.1,0,0.008296,0.741728
2026-01-10,female,여성,387,99,0.744186,4882.18,12.6155,0.0,4.81,4882.18,0,0.002889,0.258272
2026-01-11,male,남성,153,52,0.660131,6851.48,44.7809,0.0,9.005,6851.48,0,0.004054,0.529627
2026-01-11,female,여성,165,40,0.757576,6084.94,36.8784,0.0,5.27,6084.94,0,0.0036,0.470373
2026-01-12,male,남성,253,53,0.790514,1182.82,4.6752,0.0,7.09,1182.82,0,0.0007,0.818549
2026-01-12,female,여성,156,18,0.884615,262.2,1.6808,0.0,6.58,262.2,0,0.000155,0.181451
2026-01-13,male,남성,371,103,0.722372,952.78,2.5681,0.0,5.43,952.78,0,0.000564,0.137426
2026-01-13,female,여성,288,60,0.791667,5980.24,20.7647,0.0,4.235,5980.24,0,0.003538,0.862574
2026-01-14,male,남성,800,113,0.85875,1464.75,1.8309,0.0,6.25,1290.3,0,0.000867,0.887975
2026-01-14,female,여성,463,29,0.937365,184.79,0.3991,0.0,5.86,184.79,0,0.000109,0.112025
2026-01-15,male,남성,184,59,0.679348,9913.71,53.8789,0.0,6.79,9913.71,0,0.005866,0.60872
2026-01-15,female,여성,215,59,0.725581,6372.45,29.6393,0.0,5.81,6372.45,0,0.00377,0.39128
2026-01-16,male,남성,198,47,0.762626,320.14,1.6169,0.0,6.0,320.14,0,0.000189,0.55948
2026-01-16,female,여성,121,27,0.77686,252.07,2.0832,0.0,4.82,252.07,0,0.000149,0.44052
2026-01-17,male,남성,268,78,0.708955,41210.73,153.7714,0.0,18.72,41210.73,0,0.024383,0.743063
2026-01-17,female,여성,116,29,0.75,14249.91,122.8441,0.0,9.08,14249.91,0,0.008431,0.256937
2026-01-18,male,남성,247,38,0.846154,19455.26,78.7662,0.0,17.56,9042.19,0,0.011511,0.882118
2026-01-18,female,여성,384,36,0.90625,2599.9,6.7706,0.0,7.78,252.69,0,0.001538,0.117882
2026-01-19,male,남성,131,15,0.885496,93.49,0.7137,0.0,4.58,93.49,0,5.5e-05,0.275311
2026-01-19,female,여성,132,16,0.878788,246.09,1.8643,0.0,5.505,93.4,0,0.000146,0.724689
2026-01-20,male,남성,384,110,0.713542,5873.89,15.2966,0.0,5.71,5684.65,0,0.003475,0.517303
2026-01-20,female,여성,284,61,0.785211,5480.95,19.2991,0.0,4.53,5480.95,0,0.003243,0.482697
2026-01-21,male,남성,204,28,0.862745,220.81,1.0824,0.0,6.49,220.81,0,0.000131,0.526779
2026-01-21,female,여성,332,25,0.924699,198.36,0.5975,0.0,6.45,198.36,0,0.000117,0.473221
2026-01-22,male,남성,328,93,0.716463,13244.25,40.3788,0.0,6.37,13244.25,0,0.007836,0.806221
2026-01-22,female,여성,423,46,0.891253,3183.31,7.5256,0.0,5.69,3183.31,0,0.001883,0.193779
2026-01-23,male,남성,464,126,0.728448,25306.81,54.5405,0.0,10.675,25306.81,0,0.014973,0.864396
2026-01-23,female,여성,217,24,0.889401,3970.05,18.2952,0.0,8.175,3970.05,0,0.002349,0.135604
2026-01-24,male,남성,272,101,0.628676,770.94,2.8343,0.0,6.3,770.94,0,0.000456,0.583206
2026-01-24,female,여성,243,63,0.740741,550.96,2.2673,0.0,5.6,486.18,0,0.000326,0.416794
2026-01-25,male,남성,196,58,0.704082,8899.25,45.4043,0.0,6.93,8873.25,1,0.005265,0.971221
2026-01-25,female,여성,133,32,0.759398,263.7,1.9827,0.0,6.0,252.92,0,0.000156,0.028779
2026-01-26,male,남성,222,68,0.693694,12840.51,57.8401,0.0,10.615,7837.61,0,0.007597,0.513551
2026-01-26,female,여성,162,44,0.728395,12162.88,75.0795,0.0,8.255,12162.88,0,0.007196,0.486449
2026-01-27,male,남성,418,62,0.851675,991.05,2.3709,0.0,6.795,991.05,0,0.000586,0.768375
2026-01-27,female,여성,652,49,0.924847,298.75,0.4582,0.0,4.13,279.3,0,0.000177,0.231625
2026-01-28,male,남성,516,168,0.674419,22386.92,43.3855,0.0,7.55,22386.92,0,0.013245,0.969012
2026-01-28,female,여성,371,87,0.765499,715.9,1.9296,0.0,4.84,715.9,0,0.000424,0.030988
2026-01-29,male,남성,187,60,0.679144,649.97,3.4758,0.0,8.0,649.97,0,0.000385,0.722293
2026-01-29,female,여성,137,31,0.773723,249.9,1.8241,0.0,4.4,249.9,0,0.000148,0.277707
2026-01-30,male,남성,166,39,0.76506,3950.49,23.7981,0.0,8.63,3950.49,0,0.002337,0.834083
2026-01-30,female,여성,125,23,0.816,785.84,6.2867,0.0,8.43,785.84,0,0.000465,0.165917
2026-01-31,male,남성,228,61,0.732456,3738.8,16.3982,0.0,8.6,3738.8,0,0.002212,0.9703
2026-01-31,female,여성,206,22,0.893204,114.44,0.5555,0.0,4.12,114.44,0,6.8e-05,0.0297
2026-02-01,male,남성,450,195,0.566667,90266.36,200.5919,0.0,14.47,78400.68,5,0.053407,0.830977
2026-02-01,female,여성,467,151,0.67666,18360.38,39.3156,0.0,9.52,12416.77,2,0.010863,0.169023
2026-02-02,male,남성,503,157,0.687873,1644.73,3.2698,0.0,5.32,1644.73,0,0.000973,0.358359
2026-02-02,female,여성,271,52,0.808118,2944.88,10.8667,0.0,4.315,2944.88,0,0.001742,0.641641
2026-02-03,male,남성,173,32,0.815029,322.12,1.862,0.0,8.0,322.12,0,0.000191,0.624131
2026-02-03,female,여성,117,20,0.82906,193.99,1.658,0.0,7.345,193.99,0,0.000115,0.375869
2026-02-04,male,남성,238,48,0.798319,1640.8,6.8941,0.0,6.265,1640.8,0,0.000971,0.899369
2026-02-04,female,여성,183,20,0.89071,183.59,1.0032,0.0,4.87,183.59,0,0.000109,0.100631
2026-02-05,male,남성,178,42,0.764045,449.61,2.5259,0.0,7.92,449.61,0,0.000266,0.776864
2026-02-05,female,여성,106,12,0.886792,129.14,1.2183,0.0,4.585,129.14,0,7.6e-05,0.223136
2026-02-06,male,남성,263,78,0.703422,13111.5,49.8536,0.0,7.11,7178.66,1,0.007758,0.961092
2026-02-06,female,여성,191,47,0.753927,530.8,2.7791,0.0,6.49,364.25,0,0.000314,0.038908
2026-02-07,male,남성,301,44,0.853821,456.99,1.5182,0.0,7.16,456.99,0,0.00027,0.594613
2026-02-07,female,여성,384,39,0.898438,311.56,0.8114,0.0,5.92,311.56,0,0.000184,0.405387
2026-02-08,male,남성,518,84,0.837838,1217.76,2.3509,0.0,6.455,1217.76,0,0.000721,0.78871
2026-02-08,female,여성,271,28,0.896679,326.23,1.2038,0.0,6.355,326.23,0,0.000193,0.21129
2026-02-09,male,남성,159,26,0.836478,384.61,2.4189,0.0,5.67,384.61,0,0.000228,0.796987
2026-02-09,female,여성,138,13,0.905797,97.97,0.7099,0.0,4.76,97.97,0,5.8e-05,0.203013
2026-02-10,male,남성,331,74,0.776435,6855.83,20.7125,0.0,5.6,6855.83,0,0.004056,0.927985
2026-02-10,female,여성,570,87,0.847368,532.04,0.9334,0.0,4.74,532.04,0,0.000315,0.072015
2026-02-11,male,남성,174,24,0.862069,410.58,2.3597,0.0,7.55,410.58,0,0.000243,0.380505
2026-02-11,female,여성,264,46,0.825758,668.46,2.532,0.0,6.0,668.46,0,0.000396,0.619495
2026-02-12,male,남성,113,17,0.849558,122.26,1.0819,0.0,5.17,122.26,0,7.2e-05,0.507071
2026-02-12,female,여성,131,16,0.877863,118.85,0.9073,0.0,4.85,118.85,0,7e-05,0.492929
2026-02-13,male,남성,252,99,0.607143,8970.21,35.5961,0.0,7.05,8970.21,0,0.005307,0.954641
2026-02-13,female,여성,186,61,0.672043,426.21,2.2915,0.0,5.58,426.21,0,0.000252,0.045359
2026-02-14,male,남성,195,53,0.728205,4016.72,20.5986,0.0,8.58,4016.72,0,0.002377,0.905856
2026-02-14,female,여성,192,33,0.828125,417.45,2.1742,0.0,4.7,417.45,0,0.000247,0.094144
2026-02-15,male,남성,203,103,0.492611,33245.69,163.7719,3.2,11.7,19037.4,0,0.01967,0.910931
2026-02-15,female,여성,236,96,0.59322,3250.71,13.7742,0.0,8.105,1526.21,0,0.001923,0.089069
2026-02-16,male,남성,285,105,0.631579,5301.67,18.6024,0.0,9.23,5301.67,0,0.003137,0.926061
2026-02-16,female,여성,180,35,0.805556,423.3,2.3517,0.0,7.59,423.3,0,0.00025,0.073939
2026-02-17,male,남성,184,105,0.429348,18591.8,101.0424,5.405,12.0,5808.4,0,0.011,0.475893
2026-02-17,female,여성,434,119,0.725806,20475.39,47.1783,0.0,9.23,3874.13,0,0.012114,0.524107
2026-02-18,male,남성,274,118,0.569343,10307.13,37.6173,0.0,8.0,10156.8,0,0.006098,0.696074
2026-02-18,female,여성,175,45,0.742857,4500.4,25.7166,0.0,6.66,4500.4,0,0.002663,0.303926
2026-02-19,male,남성,341,93,0.727273,14445.6,42.3625,0.0,6.0,14104.68,1,0.008547,0.991322
2026-02-19,female,여성,169,21,0.87574,126.45,0.7482,0.0,5.83,126.45,0,7.5e-05,0.008678
2026-02-20,male,남성,226,81,0.641593,15263.38,67.5371,0.0,8.4,15263.38,1,0.009031,0.571208
2026-02-20,female,여성,214,50,0.766355,11457.87,53.5414,0.0,4.925,11457.87,0,0.006779,0.428792
2026-02-21,male,남성,255,57,0.776471,720.66,2.8261,0.0,4.7,720.66,0,0.000426,0.936579
2026-02-21,female,여성,146,8,0.945205,48.8,0.3342,0.0,4.64,48.8,0,2.9e-05,0.063421
2026-02-22,male,남성,325,55,0.830769,1206.59,3.7126,0.0,6.0,1206.59,0,0.000714,0.94749
2026-02-22,female,여성,163,10,0.93865,66.87,0.4102,0.0,6.43,66.87,0,4e-05,0.05251
2026-02-23,male,남성,134,46,0.656716,4221.17,31.5013,0.0,5.79,4221.17,0,0.002498,0.937338
2026-02-23,female,여성,135,35,0.740741,282.19,2.0903,0.0,4.69,282.19,0,0.000167,0.062662
2026-02-24,male,남성,371,104,0.719677,4704.63,12.6809,0.0,8.535,4704.63,0,0.002784,0.923367
2026-02-24,female,여성,223,51,0.7713,390.45,1.7509,0.0,5.18,390.45,0,0.000231,0.076633
2026-02-25,male,남성,354,56,0.841808,1706.28,4.82,0.0,7.87,1706.28,0,0.00101,0.249366
2026-02-25,female,여성,139,11,0.920863,5136.2,36.9511,0.0,4.39,5136.2,0,0.003039,0.750634
2026-02-26,male,남성,185,38,0.794595,3432.06,18.5517,0.0,5.61,3432.06,0,0.002031,0.936422
2026-02-26,female,여성,218,26,0.880734,233.02,1.0689,0.0,5.415,233.02,0,0.000138,0.063578
2026-02-27,male,남성,224,64,0.714286,8398.7,37.4942,0.0,6.655,8398.7,0,0.004969,0.547412
2026-02-27,female,여성,271,63,0.767528,6943.87,25.6231,0.0,6.0,6920.27,0,0.004108,0.452588
2026-02-28,male,남성,492,144,0.707317,16795.07,34.1363,0.0,7.655,16795.07,0,0.009937,0.980185
2026-02-28,female,여성,289,42,0.854671,339.52,1.1748,0.0,5.175,339.52,0,0.000201,0.019815
2026-03-01,male,남성,381,140,0.632546,1289.21,3.3838,0.0,5.88,1289.21,0,0.000763,0.774161
2026-03-01,female,여성,199,46,0.768844,376.09,1.8899,0.0,4.725,376.09,0,0.000223,0.225839
2026-03-02,male,남성,370,84,0.772973,12968.57,35.0502,0.0,5.695,12968.57,0,0.007673,0.754467
2026-03-02,female,여성,271,36,0.867159,4220.48,15.5737,0.0,4.86,4220.48,0,0.002497,0.245533
2026-03-03,male,남성,162,41,0.746914,3473.93,21.444,0.0,8.02,3473.93,0,0.002055,0.97051
2026-03-03,female,여성,107,14,0.869159,105.56,0.9865,0.0,4.695,105.56,0,6.2e-05,0.02949
2026-03-04,male,남성,240,51,0.7875,457.31,1.9055,0.0,6.65,457.31,0,0.000271,0.556562
2026-03-04,female,여성,184,18,0.902174,364.36,1.9802,0.0,5.925,364.36,0,0.000216,0.443438
2026-03-05,male,남성,169,49,0.710059,4569.15,27.0364,0.0,6.91,4569.15,0,0.002703,0.984198
2026-03-05,female,여성,135,11,0.918519,73.36,0.5434,0.0,6.6,73.36,0,4.3e-05,0.015802
2026-03-06,male,남성,164,28,0.829268,4562.66,27.8211,0.0,8.725,4562.66,0,0.0027,0.960511
2026-03-06,female,여성,194,24,0.876289,187.58,0.9669,0.0,5.64,187.58,0,0.000111,0.039489
2026-03-07,male,남성,459,169,0.631808,26516.56,57.7703,0.0,9.01,26516.56,0,0.015689,0.68757
2026-03-07,female,여성,445,107,0.759551,12049.05,27.0765,0.0,5.68,12049.05,0,0.007129,0.31243
2026-03-08,male,남성,306,85,0.722222,1011.53,3.3057,0.0,6.77,1011.53,0,0.000598,0.15986
2026-03-08,female,여성,333,88,0.735736,5316.07,15.9642,0.0,5.25,5316.07,0,0.003145,0.84014
2026-03-09,male,남성,240,59,0.754167,3361.57,14.0065,0.0,5.33,3361.57,0,0.001989,0.872942
2026-03-09,female,여성,250,36,0.856,489.28,1.9571,0.0,4.89,478.55,0,0.000289,0.127058
2026-03-10,male,남성,169,43,0.745562,3684.2,21.8,0.0,6.54,3684.2,0,0.00218,0.9387
2026-03-10,female,여성,170,39,0.770588,240.59,1.4152,0.0,4.66,240.59,0,0.000142,0.0613
2026-03-11,male,남성,148,51,0.655405,639.45,4.3206,0.0,6.46,531.62,0,0.000378,0.131094
2026-03-11,female,여성,142,44,0.690141,4238.34,29.8475,0.0,4.51,4238.34,0,0.002508,0.868906
2026-03-12,male,남성,242,68,0.719008,3685.93,15.2311,0.0,7.16,3685.93,0,0.002181,0.684701
2026-03-12,female,여성,206,26,0.873786,1697.34,8.2395,0.0,5.895,1697.34,0,0.001004,0.315299
2026-03-13,male,남성,548,150,0.726277,12564.85,22.9286,0.0,7.825,12564.85,0,0.007434,0.945086
2026-03-13,female,여성,488,95,0.805328,730.08,1.4961,0.0,4.99,730.08,0,0.000432,0.054914
2026-03-14,male,남성,314,106,0.66242,4422.38,14.084,0.0,6.69,4422.38,0,0.002617,0.815848
2026-03-14,female,여성,449,129,0.712695,998.21,2.2232,0.0,5.82,998.21,0,0.000591,0.184152
2026-03-15,male,남성,333,107,0.678679,5887.31,17.6796,0.0,7.83,5887.31,0,0.003483,0.657899
2026-03-15,female,여성,154,31,0.798701,3061.35,19.8789,0.0,5.13,3061.35,0,0.001811,0.342101
2026-03-16,male,남성,316,83,0.737342,16499.41,52.2133,0.0,10.27,4613.61,2,0.009762,0.815375
2026-03-16,female,여성,235,40,0.829787,3735.95,15.8977,0.0,7.76,3735.95,0,0.00221,0.184625
2026-03-17,male,남성,416,117,0.71875,50406.17,121.1687,0.0,10.4,44473.33,2,0.029823,0.718878
2026-03-17,female,여성,267,63,0.764045,19711.7,73.8266,0.0,6.4,19711.7,0,0.011663,0.281122
2026-03-18,male,남성,122,38,0.688525,463.52,3.7993,0.0,7.99,463.52,0,0.000274,0.655143
2026-03-18,female,여성,110,29,0.736364,243.99,2.2181,0.0,4.89,243.99,0,0.000144,0.344857
2026-03-19,male,남성,247,77,0.688259,644.46,2.6091,0.0,7.28,644.46,0,0.000381,0.66026
2026-03-19,female,여성,155,44,0.716129,331.61,2.1394,0.0,5.7,331.61,0,0.000196,0.33974
2026-03-20,male,남성,192,55,0.713542,10261.77,53.4467,0.0,8.43,10261.77,0,0.006071,0.976001
2026-03-20,female,여성,144,35,0.756944,252.33,1.7523,0.0,4.91,252.33,0,0.000149,0.023999
2026-03-21,male,남성,478,71,0.851464,437.21,0.9147,0.0,4.7,437.21,0,0.000259,0.666083
2026-03-21,female,여성,351,41,0.883191,219.18,0.6244,0.0,4.2,219.18,0,0.00013,0.333917
2026-03-22,male,남성,304,77,0.746711,1551.35,5.1031,0.0,6.4,1551.35,0,0.000918,0.837386
2026-03-22,female,여성,197,43,0.781726,301.26,1.5292,0.0,5.18,301.26,0,0.000178,0.162614
2026-03-23,male,남성,188,74,0.606383,603.83,3.2119,0.0,6.35,603.83,0,0.000357,0.74676
2026-03-23,female,여성,148,26,0.824324,204.77,1.3836,0.0,6.0,204.77,0,0.000121,0.25324
2026-03-24,male,남성,169,27,0.840237,356.07,2.1069,0.0,12.0,356.07,0,0.000211,0.718607
2026-03-24,female,여성,93,11,0.88172,139.43,1.4992,0.0,5.65,139.43,0,8.2e-05,0.281393
2026-03-25,male,남성,368,84,0.771739,34126.1,92.734,0.0,10.295,22260.42,2,0.020191,0.779436
2026-03-25,female,여성,562,46,0.918149,9656.98,17.1832,0.0,5.715,3724.14,1,0.005714,0.220564
2026-03-26,male,남성,421,70,0.833729,6318.14,15.0075,0.0,5.47,6318.14,0,0.003738,0.955272
2026-03-26,female,여성,333,47,0.858859,295.83,0.8884,0.0,4.83,295.83,0,0.000175,0.044728
2026-03-27,male,남성,350,121,0.654286,10218.21,29.1949,0.0,6.69,10218.21,1,0.006046,0.393084
2026-03-27,female,여성,204,62,0.696078,15776.75,77.337,0.0,4.985,15776.75,0,0.009334,0.606916
2026-03-28,male,남성,353,143,0.594901,9835.67,27.8631,0.0,6.46,9483.97,0,0.005819,0.380614
2026-03-28,female,여성,441,161,0.634921,16005.9,36.2946,0.0,5.29,15300.95,0,0.00947,0.619386
2026-03-29,male,남성,357,124,0.652661,4908.55,13.7494,0.0,7.08,4908.55,0,0.002904,0.868029
2026-03-29,female,여성,288,50,0.826389,746.27,2.5912,0.0,6.835,746.27,0,0.000442,0.131971
2026-03-30,male,남성,283,68,0.759717,4688.2,16.5661,0.0,6.21,4688.2,0,0.002774,0.938765
2026-03-30,female,여성,228,38,0.833333,305.81,1.3413,0.0,5.17,305.81,0,0.000181,0.061235
2026-03-31,male,남성,430,130,0.697674,4605.56,10.7106,0.0,4.665,4605.56,0,0.002725,0.956568
2026-03-31,female,여성,202,34,0.831683,209.11,1.0352,0.0,4.94,209.11,0,0.000124,0.043432
2026-04-01,male,남성,398,78,0.80402,895.13,2.2491,0.0,7.855,895.13,0,0.00053,0.717671
2026-04-01,female,여성,325,38,0.883077,352.14,1.0835,0.0,7.195,352.14,0,0.000208,0.282329
2026-04-02,male,남성,518,178,0.656371,11524.24,22.2476,0.0,7.085,11524.24,0,0.006818,0.804258
2026-04-02,female,여성,355,89,0.749296,2804.79,7.9008,0.0,4.92,2798.23,0,0.001659,0.195742
2026-04-03,male,남성,299,82,0.725753,634.11,2.1208,0.0,5.82,634.11,0,0.000375,0.652014
2026-04-03,female,여성,279,53,0.810036,338.43,1.213,0.0,4.33,338.43,0,0.0002,0.347986
2026-04-04,male,남성,141,65,0.539007,1635.72,11.6009,0.0,7.73,1635.72,0,0.000968,0.32929
2026-04-04,female,여성,156,58,0.628205,3331.69,21.357,0.0,4.825,366.17,0,0.001971,0.67071
2026-04-05,male,남성,252,80,0.68254,1465.19,5.8142,0.0,6.465,1465.19,0,0.000867,0.804718
2026-04-05,female,여성,224,44,0.803571,355.56,1.5873,0.0,5.395,355.56,0,0.00021,0.195282
2026-04-06,male,남성,395,104,0.736709,2379.15,6.0232,0.0,6.685,2379.15,0,0.001408,0.207183
2026-04-06,female,여성,172,25,0.854651,9104.2,52.9314,0.0,5.11,9104.2,0,0.005387,0.792817
2026-04-07,male,남성,151,27,0.821192,1533.29,10.1542,0.0,6.24,1533.29,0,0.000907,0.883211
2026-04-07,female,여성,200,18,0.91,202.75,1.0138,0.0,5.82,202.75,0,0.00012,0.116789
2026-04-08,male,남성,287,59,0.794425,3729.63,12.9952,0.0,4.9,3729.63,0,0.002207,0.968798
2026-04-08,female,여성,188,22,0.882979,120.12,0.6389,0.0,4.285,114.37,0,7.1e-05,0.031202
2026-04-09,male,남성,200,23,0.885,238.55,1.1928,0.0,5.14,238.55,0,0.000141,0.892777
2026-04-09,female,여성,130,6,0.953846,28.65,0.2204,0.0,4.755,28.65,0,1.7e-05,0.107223
2026-04-10,male,남성,336,98,0.708333,4711.71,14.0229,0.0,7.945,4711.71,0,0.002788,0.714727
2026-04-10,female,여성,307,49,0.840391,1880.61,6.1258,0.0,8.0,1880.61,0,0.001113,0.285273
2026-04-11,male,남성,216,68,0.685185,11949.98,55.324,0.0,6.07,11949.98,0,0.00707,0.979363
2026-04-11,female,여성,165,35,0.787879,251.81,1.5261,0.0,4.0,251.81,0,0.000149,0.020637
2026-04-12,male,남성,158,23,0.85443,218.21,1.3811,0.0,6.0,218.21,0,0.000129,0.580655
2026-04-12,female,여성,128,21,0.835938,157.59,1.2312,0.0,4.26,157.59,0,9.3e-05,0.419345
2026-04-13,male,남성,277,79,0.714801,15236.77,55.0064,0.0,7.18,15236.77,0,0.009015,0.976619
2026-04-13,female,여성,226,47,0.792035,364.78,1.6141,0.0,5.32,364.78,0,0.000216,0.023381
2026-04-14,male,남성,191,48,0.748691,1423.94,7.4552,0.0,6.985,1423.94,0,0.000842,0.871098
2026-04-14,female,여성,249,33,0.86747,210.71,0.8462,0.0,4.79,210.71,0,0.000125,0.128902
2026-04-15,male,남성,169,61,0.639053,924.8,5.4722,0.0,7.49,924.8,0,0.000547,0.675742
2026-04-15,female,여성,308,52,0.831169,443.77,1.4408,0.0,7.315,443.77,0,0.000263,0.324258
2026-04-16,male,남성,304,85,0.720395,3931.53,12.9327,0.0,7.27,3766.36,0,0.002326,0.843285
2026-04-16,female,여성,393,63,0.839695,730.63,1.8591,0.0,7.27,730.63,0,0.000432,0.156715
2026-04-17,male,남성,318,96,0.698113,1518.66,4.7757,0.0,5.755,1518.66,0,0.000899,0.804742
2026-04-17,female,여성,375,69,0.816,368.48,0.9826,0.0,4.27,368.48,0,0.000218,0.195258
2026-04-18,male,남성,394,178,0.548223,20978.37,53.2446,0.0,7.315,15045.53,1,0.012412,0.971028
2026-04-18,female,여성,226,75,0.668142,625.92,2.7696,0.0,6.07,614.46,0,0.00037,0.028972
2026-04-19,male,남성,130,46,0.646154,903.92,6.9532,0.0,6.7,903.92,0,0.000535,0.832178
2026-04-19,female,여성,98,28,0.714286,182.29,1.8601,0.0,4.43,182.29,0,0.000108,0.167822
2026-04-20,male,남성,259,59,0.772201,32641.08,126.0273,0.0,13.16,32641.08,1,0.019312,0.958541
2026-04-20,female,여성,142,31,0.78169,1411.8,9.9423,0.0,6.0,1394.8,0,0.000835,0.041459
2026-04-21,male,남성,218,44,0.798165,266.91,1.2244,0.0,4.3,266.91,0,0.000158,0.635757
2026-04-21,female,여성,163,26,0.840491,152.92,0.9382,0.0,5.185,152.92,0,9e-05,0.364243
2026-04-22,male,남성,308,51,0.834416,3323.03,10.7891,0.0,5.56,3323.03,0,0.001966,0.956929
2026-04-22,female,여성,244,30,0.877049,149.57,0.613,0.0,4.0,149.57,0,8.8e-05,0.043071
2026-04-23,male,남성,442,97,0.780543,9806.42,22.1865,0.0,6.24,904.06,1,0.005802,0.937569
2026-04-23,female,여성,448,67,0.850446,652.99,1.4576,0.0,6.0,416.41,0,0.000386,0.062431
2026-04-24,male,남성,394,68,0.827411,15823.88,40.1621,0.0,7.475,14849.69,0,0.009362,0.727268
2026-04-24,female,여성,160,16,0.9,5934.11,37.0882,0.0,4.105,5934.11,0,0.003511,0.272732
2026-04-25,male,남성,190,30,0.842105,1129.92,5.9469,0.0,7.045,1129.92,0,0.000669,0.91396
2026-04-25,female,여성,189,18,0.904762,106.37,0.5628,0.0,5.195,106.37,0,6.3e-05,0.08604
2026-04-26,male,남성,274,108,0.605839,5871.66,21.4294,0.0,5.72,5871.66,0,0.003474,0.404047
2026-04-26,female,여성,282,92,0.673759,8660.46,30.7109,0.0,5.07,8660.46,0,0.005124,0.595953
2026-04-27,male,남성,221,37,0.832579,381.18,1.7248,0.0,7.15,381.18,0,0.000226,0.643755
2026-04-27,female,여성,290,31,0.893103,210.94,0.7274,0.0,4.46,210.94,0,0.000125,0.356245
2026-04-28,male,남성,406,178,0.561576,7238.43,17.8286,0.0,9.87,7238.43,0,0.004283,0.660804
2026-04-28,female,여성,239,62,0.740586,3715.55,15.5462,0.0,10.055,3715.55,0,0.002198,0.339196
2026-04-29,male,남성,239,51,0.786611,5973.62,24.9942,0.0,6.19,5973.62,0,0.003534,0.952873
2026-04-29,female,여성,241,39,0.838174,295.44,1.2259,0.0,4.67,295.44,0,0.000175,0.047127
2026-04-30,male,남성,250,50,0.8,756.89,3.0276,0.0,5.295,756.89,0,0.000448,0.42353
2026-04-30,female,여성,294,25,0.914966,1030.21,3.5041,0.0,5.47,1030.21,0,0.00061,0.57647
2026-06-01,male,남성,119,27,0.773109,449.5,3.7773,0.0,9.77,449.5,0,0.000266,0.467256
2026-06-01,female,여성,327,46,0.859327,512.5,1.5673,0.0,5.57,342.47,0,0.000303,0.532744
2026-06-02,male,남성,375,125,0.666667,3178.12,8.475,0.0,5.32,3178.12,0,0.00188,0.915713
2026-06-02,female,여성,201,41,0.79602,292.53,1.4554,0.0,5.06,292.53,0,0.000173,0.084287
2026-06-03,male,남성,254,51,0.799213,400.94,1.5785,0.0,5.94,400.94,0,0.000237,0.778781
2026-06-03,female,여성,133,17,0.87218,113.89,0.8563,0.0,4.84,113.89,0,6.7e-05,0.221219
2026-06-04,male,남성,237,28,0.881857,267.51,1.1287,0.0,6.575,267.51,0,0.000158,0.716897
2026-06-04,female,여성,177,17,0.903955,105.64,0.5968,0.0,4.0,105.64,0,6.3e-05,0.283103
2026-06-05,male,남성,301,113,0.624585,1617.7,5.3744,0.0,8.1,1617.7,0,0.000957,0.929312
2026-06-05,female,여성,90,22,0.755556,123.05,1.3672,0.0,4.385,123.05,0,7.3e-05,0.070688
2026-06-06,male,남성,378,120,0.68254,6967.06,18.4314,0.0,7.045,6967.06,0,0.004122,0.468606
2026-06-06,female,여성,245,52,0.787755,7900.58,32.2473,0.0,5.69,7900.58,0,0.004674,0.531394
2026-06-07,male,남성,490,243,0.504082,25448.37,51.9354,0.0,13.59,25448.37,0,0.015057,0.538638
2026-06-07,female,여성,307,95,0.690554,21797.37,71.0012,0.0,11.93,21786.17,0,0.012897,0.461362
2026-06-08,male,남성,182,25,0.862637,243.66,1.3388,0.0,6.1,243.66,0,0.000144,0.601155
2026-06-08,female,여성,144,20,0.861111,161.66,1.1226,0.0,6.0,161.66,0,9.6e-05,0.398845
2026-06-09,male,남성,360,104,0.711111,27523.54,76.4543,0.0,9.44,27523.54,1,0.016285,0.91411
2026-06-09,female,여성,214,46,0.785047,2586.13,12.0847,0.0,7.075,2586.13,0,0.00153,0.08589
2026-06-10,male,남성,285,62,0.782456,454.54,1.5949,0.0,4.62,454.54,0,0.000269,0.081491
2026-06-10,female,여성,357,43,0.879552,5123.22,14.3508,0.0,4.35,5123.22,0,0.003031,0.918509
2026-06-11,male,남성,133,20,0.849624,124.18,0.9337,0.0,6.305,124.18,0,7.3e-05,0.590827
2026-06-11,female,여성,239,19,0.920502,86.0,0.3598,0.0,4.35,86.0,0,5.1e-05,0.409173
2026-06-12,male,남성,224,74,0.669643,927.33,4.1399,0.0,9.83,927.33,0,0.000549,0.101763
2026-06-12,female,여성,309,55,0.822006,8185.34,26.4898,0.0,6.14,8185.34,0,0.004843,0.898237
2026-06-13,male,남성,279,86,0.691756,1398.45,5.0124,0.0,6.775,1387.68,0,0.000827,0.807708
2026-06-13,female,여성,177,44,0.751412,332.93,1.881,0.0,5.865,332.93,0,0.000197,0.192292
2026-06-14,male,남성,194,31,0.840206,540.46,2.7859,0.0,6.5,540.46,0,0.00032,0.700977
2026-06-14,female,여성,173,24,0.861272,230.55,1.3327,0.0,5.35,230.55,0,0.000136,0.299023
2026-06-15,male,남성,358,131,0.634078,58653.0,163.8352,0.0,9.2,46636.54,3,0.034703,0.732381
2026-06-15,female,여성,296,57,0.807432,21432.42,72.4068,0.0,9.14,21421.67,0,0.012681,0.267619
2026-06-16,male,남성,370,120,0.675676,6223.42,16.8201,0.0,8.05,1352.9,0,0.003682,0.586229
2026-06-16,female,여성,253,52,0.794466,4392.6,17.3621,0.0,6.0,4392.6,0,0.002599,0.413771
2026-06-17,male,남성,193,48,0.751295,1236.02,6.4042,0.0,8.0,1236.02,0,0.000731,0.14047
2026-06-17,female,여성,135,18,0.866667,7563.16,56.0234,0.0,6.02,7563.16,0,0.004475,0.85953
2026-06-18,male,남성,368,79,0.785326,591.94,1.6085,0.0,6.46,591.94,0,0.00035,0.647092
2026-06-18,female,여성,261,39,0.850575,322.83,1.2369,0.0,5.02,322.83,0,0.000191,0.352908
2026-06-19,male,남성,265,82,0.690566,15690.69,59.2102,0.0,7.555,15690.69,1,0.009284,0.564352
2026-06-19,female,여성,154,34,0.779221,12112.35,78.6516,0.0,5.5,12112.35,1,0.007166,0.435648
2026-06-20,male,남성,346,141,0.592486,12893.09,37.2633,0.0,8.7,6781.37,1,0.007628,0.890137
2026-06-20,female,여성,380,103,0.728947,1591.3,4.1876,0.0,6.91,1580.62,0,0.000942,0.109863
2026-06-21,male,남성,557,206,0.630162,18824.49,33.7962,0.0,5.705,18824.49,0,0.011138,0.659512
2026-06-21,female,여성,210,74,0.647619,9718.59,46.279,0.0,5.305,9718.59,0,0.00575,0.340488
2026-06-22,male,남성,199,76,0.61809,4126.9,20.7382,0.0,6.015,4126.9,0,0.002442,0.920127
2026-06-22,female,여성,110,43,0.609091,358.24,3.2567,0.0,5.03,358.24,0,0.000212,0.079873
2026-06-23,male,남성,226,33,0.853982,388.68,1.7198,0.0,6.97,388.68,0,0.00023,0.744484
2026-06-23,female,여성,265,20,0.924528,133.4,0.5034,0.0,5.565,133.4,0,7.9e-05,0.255516
2026-06-24,male,남성,238,44,0.815126,4717.23,19.8203,0.0,6.43,4717.23,0,0.002791,0.968036
2026-06-24,female,여성,169,13,0.923077,155.76,0.9217,0.0,4.95,155.76,0,9.2e-05,0.031964
2026-06-25,male,남성,261,77,0.704981,22469.91,86.0916,0.0,12.26,17612.86,0,0.013295,0.619934
2026-06-25,female,여성,165,25,0.848485,13775.72,83.4892,0.0,15.31,13775.72,0,0.008151,0.380066
2026-06-26,male,남성,250,70,0.72,1107.94,4.4318,0.0,7.945,1107.94,0,0.000656,0.754126
2026-06-26,female,여성,177,40,0.774011,361.23,2.0408,0.0,6.055,361.23,0,0.000214,0.245874
2026-06-27,male,남성,178,57,0.679775,1212.98,6.8145,0.0,6.0,1212.98,0,0.000718,0.228044
2026-06-27,female,여성,267,44,0.835206,4106.07,15.3785,0.0,5.055,4106.07,0,0.002429,0.771956
2026-06-28,male,남성,287,61,0.787456,18564.16,64.6835,0.0,7.82,18386.42,2,0.010984,0.327036
2026-06-28,female,여성,343,53,0.845481,38200.73,111.3724,0.0,7.56,33261.1,2,0.022602,0.672964
2026-06-29,male,남성,754,197,0.738727,8518.83,11.2982,0.0,5.39,8518.83,0,0.00504,0.574794
2026-06-29,female,여성,405,93,0.77037,6301.83,15.5601,0.0,4.71,6301.83,0,0.003729,0.425206
2026-06-30,male,남성,472,161,0.658898,10176.11,21.5596,0.0,7.09,10137.79,0,0.006021,0.958496
2026-06-30,female,여성,280,58,0.792857,440.64,1.5737,0.0,5.13,440.64,0,0.000261,0.041504
