origin_region_code,sido_name,sigungu_name,origin_zone,gender_code,gender_label,row_count,nonzero_rows,zero_ratio,population_sum,population_mean,population_median,nonzero_median,external_population_sum,capped_rows,share_of_total,share_within_group
11110,서울특별시,종로구,수도권,male,남성,243,60,0.753086,1157.35,4.7628,0.0,8.515,1157.35,0,0.000685,0.851556
11110,서울특별시,종로구,수도권,female,여성,164,26,0.841463,201.75,1.2302,0.0,5.325,201.75,0,0.000119,0.148444
11140,서울특별시,중구,수도권,male,남성,199,31,0.844221,6133.14,30.8198,0.0,6.48,6133.14,0,0.003629,0.982145
11140,서울특별시,중구,수도권,female,여성,205,18,0.912195,111.5,0.5439,0.0,5.015,111.5,0,6.6e-05,0.017855
11170,서울특별시,용산구,수도권,male,남성,145,28,0.806897,3215.66,22.177,0.0,6.79,3215.66,0,0.001903,0.979196
11170,서울특별시,용산구,수도권,female,여성,78,11,0.858974,68.32,0.8759,0.0,4.0,68.32,0,4e-05,0.020804
11200,서울특별시,성동구,수도권,male,남성,117,20,0.82906,148.74,1.2713,0.0,6.0,148.74,0,8.8e-05,0.590238
11200,서울특별시,성동구,수도권,female,여성,109,19,0.825688,103.26,0.9473,0.0,5.02,103.26,0,6.1e-05,0.409762
11215,서울특별시,광진구,수도권,male,남성,144,43,0.701389,349.89,2.4298,0.0,4.89,349.89,0,0.000207,0.671445
11215,서울특별시,광진구,수도권,female,여성,136,35,0.742647,171.21,1.2589,0.0,4.5,171.21,0,0.000101,0.328555
11230,서울특별시,동대문구,수도권,male,남성,112,25,0.776786,435.98,3.8927,0.0,11.06,435.98,0,0.000258,0.74704
11230,서울특별시,동대문구,수도권,female,여성,140,17,0.878571,147.63,1.0545,0.0,6.5,147.63,0,8.7e-05,0.25296
11260,서울특별시,중랑구,수도권,male,남성,131,32,0.755725,312.92,2.3887,0.0,6.27,312.92,0,0.000185,0.650534
11260,서울특별시,중랑구,수도권,female,여성,97,22,0.773196,168.1,1.733,0.0,4.715,168.1,0,9.9e-05,0.349466
11290,서울특별시,성북구,수도권,male,남성,193,58,0.699482,1404.39,7.2766,0.0,5.91,1404.39,0,0.000831,0.929586
11290,서울특별시,성북구,수도권,female,여성,117,16,0.863248,106.38,0.9092,0.0,5.45,106.38,0,6.3e-05,0.070414
11305,서울특별시,강북구,수도권,male,남성,251,50,0.800797,323.7,1.2896,0.0,4.39,323.7,0,0.000192,0.758542
11305,서울특별시,강북구,수도권,female,여성,94,14,0.851064,103.04,1.0962,0.0,4.63,103.04,0,6.1e-05,0.241458
11320,서울특별시,도봉구,수도권,male,남성,182,51,0.71978,4862.37,26.7163,0.0,5.85,4862.37,0,0.002877,0.940277
11320,서울특별시,도봉구,수도권,female,여성,245,41,0.832653,308.84,1.2606,0.0,5.6,308.84,0,0.000183,0.059723
11350,서울특별시,노원구,수도권,male,남성,179,46,0.743017,377.17,2.1071,0.0,5.675,377.17,0,0.000223,0.631596
11350,서울특별시,노원구,수도권,female,여성,137,39,0.715328,220.0,1.6058,0.0,4.09,220.0,0,0.00013,0.368404
11380,서울특별시,은평구,수도권,male,남성,100,24,0.76,243.61,2.4361,0.0,6.145,243.61,0,0.000144,0.613921
11380,서울특별시,은평구,수도권,female,여성,71,12,0.830986,153.2,2.1577,0.0,4.04,153.2,0,9.1e-05,0.386079
11410,서울특별시,서대문구,수도권,male,남성,147,41,0.721088,374.53,2.5478,0.0,5.7,374.53,0,0.000222,0.773088
11410,서울특별시,서대문구,수도권,female,여성,94,17,0.819149,109.93,1.1695,0.0,4.39,109.93,0,6.5e-05,0.226912
11440,서울특별시,마포구,수도권,male,남성,157,56,0.643312,622.08,3.9623,0.0,7.255,622.08,0,0.000368,0.648108
11440,서울특별시,마포구,수도권,female,여성,112,34,0.696429,337.76,3.0157,0.0,6.0,337.76,0,0.0002,0.351892
11470,서울특별시,양천구,수도권,male,남성,180,78,0.566667,684.46,3.8026,0.0,5.55,684.46,0,0.000405,0.722645
11470,서울특별시,양천구,수도권,female,여성,149,43,0.711409,262.7,1.7631,0.0,4.06,262.7,0,0.000155,0.277355
11500,서울특별시,강서구,수도권,male,남성,196,62,0.683673,2212.76,11.2896,0.0,7.74,2212.76,0,0.001309,0.902898
11500,서울특별시,강서구,수도권,female,여성,162,25,0.845679,237.97,1.469,0.0,5.69,237.97,0,0.000141,0.097102
11530,서울특별시,구로구,수도권,male,남성,136,46,0.661765,396.38,2.9146,0.0,6.455,396.38,0,0.000235,0.652381
11530,서울특별시,구로구,수도권,female,여성,193,41,0.787565,211.21,1.0944,0.0,4.03,211.21,0,0.000125,0.347619
11545,서울특별시,금천구,수도권,male,남성,86,15,0.825581,73.78,0.8579,0.0,4.08,73.78,0,4.4e-05,0.533131
11545,서울특별시,금천구,수도권,female,여성,63,12,0.809524,64.61,1.0256,0.0,4.47,64.61,0,3.8e-05,0.466869
11560,서울특별시,영등포구,수도권,male,남성,137,61,0.554745,598.31,4.3672,0.0,5.59,598.31,0,0.000354,0.733232
11560,서울특별시,영등포구,수도권,female,여성,115,41,0.643478,217.68,1.8929,0.0,4.61,217.68,0,0.000129,0.266768
11590,서울특별시,동작구,수도권,male,남성,74,20,0.72973,188.58,2.5484,0.0,5.805,188.58,0,0.000112,0.511071
11590,서울특별시,동작구,수도권,female,여성,144,26,0.819444,180.41,1.2528,0.0,4.33,180.41,0,0.000107,0.488929
11620,서울특별시,관악구,수도권,male,남성,232,72,0.689655,4571.54,19.7049,0.0,7.16,4571.54,0,0.002705,0.959472
11620,서울특별시,관악구,수도권,female,여성,108,30,0.722222,193.1,1.788,0.0,4.815,193.1,0,0.000114,0.040528
11650,서울특별시,서초구,수도권,male,남성,158,42,0.734177,519.79,3.2898,0.0,6.075,519.79,0,0.000308,0.734094
11650,서울특별시,서초구,수도권,female,여성,143,28,0.804196,188.28,1.3166,0.0,4.79,188.28,0,0.000111,0.265906
11680,서울특별시,강남구,수도권,male,남성,151,60,0.602649,627.07,4.1528,0.0,7.075,627.07,0,0.000371,0.676407
11680,서울특별시,강남구,수도권,female,여성,98,31,0.683673,299.99,3.0611,0.0,4.6,299.99,0,0.000177,0.323593
11710,서울특별시,송파구,수도권,male,남성,159,80,0.496855,871.22,5.4794,3.22,7.42,871.22,0,0.000515,0.655127
11710,서울특별시,송파구,수도권,female,여성,122,60,0.508197,458.63,3.7593,0.0,6.435,458.63,0,0.000271,0.344873
11740,서울특별시,강동구,수도권,male,남성,132,36,0.727273,275.4,2.0864,0.0,5.04,275.4,0,0.000163,0.559358
11740,서울특별시,강동구,수도권,female,여성,130,37,0.715385,216.95,1.6688,0.0,4.38,216.95,0,0.000128,0.440642
26110,부산광역시,중구,기타 지역,male,남성,159,34,0.786164,268.49,1.6886,0.0,5.535,268.49,0,0.000159,0.809095
26110,부산광역시,중구,기타 지역,female,여성,176,15,0.914773,63.35,0.3599,0.0,3.92,63.35,0,3.7e-05,0.190905
26140,부산광역시,서구,기타 지역,male,남성,172,32,0.813953,274.28,1.5947,0.0,5.595,274.28,0,0.000162,0.69387
26140,부산광역시,서구,기타 지역,female,여성,124,9,0.927419,121.01,0.9759,0.0,4.57,121.01,0,7.2e-05,0.30613
26170,부산광역시,동구,기타 지역,male,남성,269,44,0.836431,2073.28,7.7074,0.0,7.6,2073.28,0,0.001227,0.977796
26170,부산광역시,동구,기타 지역,female,여성,163,9,0.944785,47.08,0.2888,0.0,4.14,47.08,0,2.8e-05,0.022204
26200,부산광역시,영도구,기타 지역,male,남성,165,27,0.836364,236.55,1.4336,0.0,6.36,236.55,0,0.00014,0.677037
26200,부산광역시,영도구,기타 지역,female,여성,126,17,0.865079,112.84,0.8956,0.0,5.07,112.84,0,6.7e-05,0.322963
26230,부산광역시,부산진구,기타 지역,male,남성,184,71,0.61413,872.79,4.7434,0.0,6.56,872.79,0,0.000516,0.732551
26230,부산광역시,부산진구,기타 지역,female,여성,158,40,0.746835,318.65,2.0168,0.0,5.125,318.65,0,0.000189,0.267449
26260,부산광역시,동래구,기타 지역,male,남성,246,85,0.654472,1048.12,4.2607,0.0,6.0,1048.12,0,0.00062,0.84661
26260,부산광역시,동래구,기타 지역,female,여성,119,37,0.689076,189.9,1.5958,0.0,4.26,189.9,0,0.000112,0.15339
26290,부산광역시,남구,기타 지역,male,남성,463,186,0.598272,1673.83,3.6152,0.0,5.99,1673.83,0,0.00099,0.745239
26290,부산광역시,남구,기타 지역,female,여성,297,90,0.69697,572.2,1.9266,0.0,5.125,572.2,0,0.000339,0.254761
26320,부산광역시,북구,기타 지역,male,남성,337,177,0.474777,3156.12,9.3653,3.27,6.0,3156.12,0,0.001867,0.903388
26320,부산광역시,북구,기타 지역,female,여성,156,53,0.660256,337.53,2.1637,0.0,4.38,337.53,0,0.0002,0.096612
26350,부산광역시,해운대구,기타 지역,male,남성,189,80,0.57672,763.08,4.0375,0.0,6.92,763.08,0,0.000451,0.550261
26350,부산광역시,해운대구,기타 지역,female,여성,288,85,0.704861,623.68,2.1656,0.0,5.0,623.68,0,0.000369,0.449739
26380,부산광역시,사하구,기타 지역,male,남성,261,57,0.781609,642.24,2.4607,0.0,7.12,642.24,0,0.00038,0.686132
26380,부산광역시,사하구,기타 지역,female,여성,152,30,0.802632,293.79,1.9328,0.0,6.17,293.79,0,0.000174,0.313868
26410,부산광역시,금정구,기타 지역,male,남성,207,83,0.599034,4341.83,20.975,0.0,6.54,4341.83,0,0.002569,0.953928
26410,부산광역시,금정구,기타 지역,female,여성,115,25,0.782609,209.7,1.8235,0.0,5.77,209.7,0,0.000124,0.046072
26440,부산광역시,강서구,기타 지역,male,남성,91,29,0.681319,343.77,3.7777,0.0,10.0,343.77,0,0.000203,0.521069
26440,부산광역시,강서구,기타 지역,female,여성,195,36,0.815385,315.97,1.6204,0.0,4.78,315.97,0,0.000187,0.478931
26470,부산광역시,연제구,기타 지역,male,남성,109,28,0.743119,198.4,1.8202,0.0,6.2,198.4,0,0.000117,0.544233
26470,부산광역시,연제구,기타 지역,female,여성,192,30,0.84375,166.15,0.8654,0.0,4.365,166.15,0,9.8e-05,0.455767
26500,부산광역시,수영구,기타 지역,male,남성,118,27,0.771186,5174.36,43.8505,0.0,8.0,5174.36,0,0.003061,0.97841
26500,부산광역시,수영구,기타 지역,female,여성,102,19,0.813725,114.18,1.1194,0.0,4.68,114.18,0,6.8e-05,0.02159
26530,부산광역시,사상구,기타 지역,male,남성,268,83,0.690299,1264.93,4.7199,0.0,6.35,1264.93,0,0.000748,0.920974
26530,부산광역시,사상구,기타 지역,female,여성,113,20,0.823009,108.54,0.9605,0.0,4.295,108.54,0,6.4e-05,0.079026
26710,부산광역시,기장군,기타 지역,male,남성,202,56,0.722772,1766.11,8.7431,0.0,6.32,1766.11,0,0.001045,0.903982
26710,부산광역시,기장군,기타 지역,female,여성,97,24,0.752577,187.59,1.9339,0.0,4.84,187.59,0,0.000111,0.096018
27110,대구광역시,중구,대구,male,남성,83,44,0.46988,540.17,6.5081,3.79,9.6,540.17,0,0.00032,0.699693
27110,대구광역시,중구,대구,female,여성,71,23,0.676056,231.84,3.2654,0.0,4.83,231.84,0,0.000137,0.300307
27140,대구광역시,동구,대구,male,남성,167,139,0.167665,37641.07,225.3956,23.4,28.59,37641.07,0,0.022271,0.819458
27140,대구광역시,동구,대구,female,여성,116,76,0.344828,8293.02,71.4916,7.055,15.435,8293.02,0,0.004907,0.180542
27170,대구광역시,서구,대구,male,남성,254,158,0.377953,5786.05,22.7797,5.335,8.56,5786.05,0,0.003423,0.915342
27170,대구광역시,서구,대구,female,여성,172,67,0.610465,535.14,3.1113,0.0,7.58,535.14,0,0.000317,0.084658
27200,대구광역시,남구,대구,male,남성,240,147,0.3875,1913.76,7.974,4.0,6.68,1913.76,0,0.001132,0.758435
27200,대구광역시,남구,대구,female,여성,140,82,0.414286,609.54,4.3539,3.27,5.61,609.54,0,0.000361,0.241565
27230,대구광역시,북구,대구,male,남성,198,170,0.141414,137076.73,692.3067,19.97,25.4,137076.73,0,0.081103,0.63906
27230,대구광역시,북구,대구,female,여성,176,121,0.3125,77420.65,439.8901,8.945,16.23,77420.65,0,0.045807,0.36094
27260,대구광역시,수성구,대구,male,남성,99,74,0.252525,25938.56,262.0057,8.0,12.355,25938.56,0,0.015347,0.984188
27260,대구광역시,수성구,대구,female,여성,61,36,0.409836,416.72,6.8315,4.06,11.22,416.72,0,0.000247,0.015812
27290,대구광역시,달서구,대구,male,남성,181,148,0.18232,66224.99,365.8839,26.99,33.655,66224.99,0,0.039183,0.834773
27290,대구광역시,달서구,대구,female,여성,82,53,0.353659,13107.94,159.8529,8.645,40.31,13107.94,0,0.007755,0.165227
27710,대구광역시,달성군,대구,male,남성,136,94,0.308824,18505.65,136.071,7.835,11.58,18505.65,0,0.010949,0.776962
27710,대구광역시,달성군,대구,female,여성,78,38,0.512821,5312.32,68.1067,0.0,7.1,5312.32,0,0.003143,0.223038
27720,대구광역시,군위군,대구,male,남성,114,22,0.807018,156.14,1.3696,0.0,5.305,156.14,0,9.2e-05,0.575504
27720,대구광역시,군위군,대구,female,여성,146,17,0.883562,115.17,0.7888,0.0,4.0,115.17,0,6.8e-05,0.424496
28110,인천광역시,중구,수도권,male,남성,271,52,0.808118,1094.3,4.038,0.0,5.175,1094.3,0,0.000647,0.841329
28110,인천광역시,중구,수도권,female,여성,299,36,0.879599,206.38,0.6902,0.0,4.65,206.38,0,0.000122,0.158671
28140,인천광역시,동구,수도권,male,남성,143,19,0.867133,215.01,1.5036,0.0,6.74,215.01,0,0.000127,0.51304
28140,인천광역시,동구,수도권,female,여성,103,9,0.912621,204.08,1.9814,0.0,5.4,204.08,0,0.000121,0.48696
28177,인천광역시,미추홀구,수도권,male,남성,134,48,0.641791,386.58,2.8849,0.0,5.54,386.58,0,0.000229,0.583209
28177,인천광역시,미추홀구,수도권,female,여성,119,38,0.680672,276.27,2.3216,0.0,4.455,276.27,0,0.000163,0.416791
28185,인천광역시,연수구,수도권,male,남성,123,36,0.707317,408.01,3.3172,0.0,6.645,408.01,0,0.000241,0.743824
28185,인천광역시,연수구,수도권,female,여성,83,17,0.795181,140.52,1.693,0.0,5.41,140.52,0,8.3e-05,0.256176
28200,인천광역시,남동구,수도권,male,남성,262,93,0.645038,4351.47,16.6087,0.0,6.26,4351.47,0,0.002575,0.950586
28200,인천광역시,남동구,수도권,female,여성,109,27,0.752294,226.2,2.0752,0.0,4.37,226.2,0,0.000134,0.049414
28237,인천광역시,부평구,수도권,male,남성,177,45,0.745763,3218.67,18.1846,0.0,7.16,3218.67,0,0.001904,0.94168
28237,인천광역시,부평구,수도권,female,여성,144,29,0.798611,199.34,1.3843,0.0,4.55,199.34,0,0.000118,0.05832
28245,인천광역시,계양구,수도권,male,남성,172,30,0.825581,256.91,1.4937,0.0,5.63,256.91,0,0.000152,0.854373
28245,인천광역시,계양구,수도권,female,여성,97,9,0.907216,43.79,0.4514,0.0,4.67,43.79,0,2.6e-05,0.145627
28260,인천광역시,서구,수도권,male,남성,109,34,0.688073,354.54,3.2527,0.0,8.83,354.54,0,0.00021,0.626285
28260,인천광역시,서구,수도권,female,여성,136,33,0.757353,211.56,1.5556,0.0,4.43,211.56,0,0.000125,0.373715
28710,인천광역시,강화군,수도권,male,남성,140,22,0.842857,298.82,2.1344,0.0,10.96,298.82,0,0.000177,0.836492
28710,인천광역시,강화군,수도권,female,여성,75,9,0.88,58.41,0.7788,0.0,5.27,58.41,0,3.5e-05,0.163508
28720,인천광역시,옹진군,수도권,male,남성,202,15,0.925743,89.65,0.4438,0.0,4.0,89.65,0,5.3e-05,0.660989
28720,인천광역시,옹진군,수도권,female,여성,117,5,0.957265,45.98,0.393,0.0,4.0,45.98,0,2.7e-05,0.339011
29110,광주광역시,동구,기타 지역,male,남성,365,35,0.90411,1933.27,5.2966,0.0,6.93,1933.27,0,0.001144,0.977732
29110,광주광역시,동구,기타 지역,female,여성,204,7,0.965686,44.03,0.2158,0.0,4.55,44.03,0,2.6e-05,0.022268
29140,광주광역시,서구,기타 지역,male,남성,90,18,0.8,687.56,7.6396,0.0,9.25,687.56,0,0.000407,0.981696
29140,광주광역시,서구,기타 지역,female,여성,56,3,0.946429,12.82,0.2289,0.0,3.72,12.82,0,8e-06,0.018304
29155,광주광역시,남구,기타 지역,male,남성,98,10,0.897959,58.46,0.5965,0.0,6.0,58.46,0,3.5e-05,0.73655
29155,광주광역시,남구,기타 지역,female,여성,121,4,0.966942,20.91,0.1728,0.0,4.5,20.91,0,1.2e-05,0.26345
29170,광주광역시,북구,기타 지역,male,남성,246,42,0.829268,315.2,1.2813,0.0,4.665,315.2,0,0.000186,0.584331
29170,광주광역시,북구,기타 지역,female,여성,140,24,0.828571,224.22,1.6016,0.0,4.665,224.22,0,0.000133,0.415669
29200,광주광역시,광산구,기타 지역,male,남성,108,44,0.592593,630.91,5.8418,0.0,7.68,630.91,0,0.000373,0.74962
29200,광주광역시,광산구,기타 지역,female,여성,85,27,0.682353,210.73,2.4792,0.0,4.27,210.73,0,0.000125,0.25038
30110,대전광역시,동구,기타 지역,male,남성,143,96,0.328671,2180.28,15.2467,6.75,8.85,2180.28,0,0.00129,0.708437
30110,대전광역시,동구,기타 지역,female,여성,199,97,0.512563,897.31,4.5091,0.0,7.38,897.31,0,0.000531,0.291563
30140,대전광역시,중구,기타 지역,male,남성,175,68,0.611429,482.12,2.755,0.0,6.0,482.12,0,0.000285,0.471041
30140,대전광역시,중구,기타 지역,female,여성,205,63,0.692683,541.4,2.641,0.0,5.8,541.4,0,0.00032,0.528959
30170,대전광역시,서구,기타 지역,male,남성,164,110,0.329268,46053.85,280.8162,8.265,12.415,46053.85,0,0.027248,0.986386
30170,대전광역시,서구,기타 지역,female,여성,100,47,0.53,635.61,6.3561,0.0,10.26,635.61,0,0.000376,0.013614
30200,대전광역시,유성구,기타 지역,male,남성,145,81,0.441379,3737.34,25.7748,6.0,11.4,3737.34,0,0.002211,0.800386
30200,대전광역시,유성구,기타 지역,female,여성,155,61,0.606452,932.08,6.0134,0.0,10.02,932.08,0,0.000551,0.199614
30230,대전광역시,대덕구,기타 지역,male,남성,143,88,0.384615,4199.0,29.3636,4.81,8.25,4199.0,0,0.002484,0.763962
30230,대전광역시,대덕구,기타 지역,female,여성,201,84,0.58209,1297.35,6.4545,0.0,5.475,1297.35,0,0.000768,0.236038
31110,울산광역시,중구,기타 지역,male,남성,163,52,0.680982,635.78,3.9005,0.0,5.855,635.78,0,0.000376,0.83508
31110,울산광역시,중구,기타 지역,female,여성,114,21,0.815789,125.56,1.1014,0.0,4.27,125.56,0,7.4e-05,0.16492
31140,울산광역시,남구,기타 지역,male,남성,247,97,0.607287,1384.3,5.6045,0.0,6.82,1384.3,0,0.000819,0.876911
31140,울산광역시,남구,기타 지역,female,여성,89,28,0.685393,194.31,2.1833,0.0,6.015,194.31,0,0.000115,0.123089
31170,울산광역시,동구,기타 지역,male,남성,102,26,0.745098,212.54,2.0837,0.0,7.915,212.54,0,0.000126,0.803706
31170,울산광역시,동구,기타 지역,female,여성,74,8,0.891892,51.91,0.7015,0.0,3.865,51.91,0,3.1e-05,0.196294
31200,울산광역시,북구,기타 지역,male,남성,151,42,0.721854,349.24,2.3128,0.0,7.315,349.24,0,0.000207,0.583564
31200,울산광역시,북구,기타 지역,female,여성,140,35,0.75,249.22,1.7801,0.0,5.19,249.22,0,0.000147,0.416436
31710,울산광역시,울주군,기타 지역,male,남성,124,55,0.556452,873.99,7.0483,0.0,4.8,873.99,0,0.000517,0.79594
31710,울산광역시,울주군,기타 지역,female,여성,103,41,0.601942,224.07,2.1754,0.0,5.28,224.07,0,0.000133,0.20406
36110,세종특별자치시,세종특별자치시,기타 지역,male,남성,161,98,0.391304,5350.62,33.2337,4.27,8.25,5350.62,0,0.003166,0.86388
36110,세종특별자치시,세종특별자치시,기타 지역,female,여성,143,79,0.447552,843.09,5.8957,3.6,5.28,843.09,0,0.000499,0.13612
41111,경기도,수원시 장안구,수도권,male,남성,116,36,0.689655,290.91,2.5078,0.0,6.295,290.91,0,0.000172,0.536032
41111,경기도,수원시 장안구,수도권,female,여성,125,31,0.752,251.8,2.0144,0.0,5.37,251.8,0,0.000149,0.463968
41113,경기도,수원시 권선구,수도권,male,남성,247,70,0.716599,470.34,1.9042,0.0,5.325,470.34,0,0.000278,0.767476
41113,경기도,수원시 권선구,수도권,female,여성,87,25,0.712644,142.5,1.6379,0.0,4.64,142.5,0,8.4e-05,0.232524
41115,경기도,수원시 팔달구,수도권,male,남성,307,60,0.80456,3052.49,9.943,0.0,5.14,3052.49,0,0.001806,0.930291
41115,경기도,수원시 팔달구,수도권,female,여성,226,30,0.867257,228.73,1.0121,0.0,4.345,228.73,0,0.000135,0.069709
41117,경기도,수원시 영통구,수도권,male,남성,180,74,0.588889,742.13,4.1229,0.0,6.05,742.13,0,0.000439,0.633579
41117,경기도,수원시 영통구,수도권,female,여성,147,50,0.659864,429.2,2.9197,0.0,5.62,429.2,0,0.000254,0.366421
41131,경기도,성남시 수정구,수도권,male,남성,145,54,0.627586,500.28,3.4502,0.0,6.0,500.28,0,0.000296,0.624125
41131,경기도,성남시 수정구,수도권,female,여성,222,40,0.81982,301.29,1.3572,0.0,4.79,301.29,0,0.000178,0.375875
41133,경기도,성남시 중원구,수도권,male,남성,106,14,0.867925,188.06,1.7742,0.0,6.07,188.06,0,0.000111,0.703554
41133,경기도,성남시 중원구,수도권,female,여성,97,11,0.886598,79.24,0.8169,0.0,5.1,79.24,0,4.7e-05,0.296446
41135,경기도,성남시 분당구,수도권,male,남성,162,67,0.58642,963.91,5.9501,0.0,6.26,963.91,0,0.00057,0.693331
41135,경기도,성남시 분당구,수도권,female,여성,178,58,0.674157,426.35,2.3952,0.0,4.78,426.35,0,0.000252,0.306669
41150,경기도,의정부시,수도권,male,남성,196,93,0.52551,1148.14,5.8579,0.0,5.32,1148.14,0,0.000679,0.855646
41150,경기도,의정부시,수도권,female,여성,84,23,0.72619,193.7,2.306,0.0,4.39,193.7,0,0.000115,0.144354
41171,경기도,안양시 만안구,수도권,male,남성,173,43,0.751445,359.29,2.0768,0.0,6.35,359.29,0,0.000213,0.731483
41171,경기도,안양시 만안구,수도권,female,여성,175,20,0.885714,131.89,0.7537,0.0,6.2,131.89,0,7.8e-05,0.268517
41173,경기도,안양시 동안구,수도권,male,남성,297,84,0.717172,4945.56,16.6517,0.0,4.95,4945.56,0,0.002926,0.946832
41173,경기도,안양시 동안구,수도권,female,여성,246,49,0.800813,277.71,1.1289,0.0,4.37,277.71,0,0.000164,0.053168
41192,경기도,부천시 원미구,수도권,male,남성,114,27,0.763158,165.74,1.4539,0.0,4.44,165.74,0,9.8e-05,0.664582
41192,경기도,부천시 원미구,수도권,female,여성,61,9,0.852459,83.65,1.3713,0.0,5.13,83.65,0,4.9e-05,0.335418
41194,경기도,부천시 소사구,수도권,male,남성,149,32,0.785235,315.99,2.1207,0.0,5.685,315.99,0,0.000187,0.697657
41194,경기도,부천시 소사구,수도권,female,여성,158,28,0.822785,136.94,0.8667,0.0,4.825,136.94,0,8.1e-05,0.302343
41196,경기도,부천시 오정구,수도권,male,남성,377,90,0.761273,1383.75,3.6704,0.0,6.29,1383.75,0,0.000819,0.85814
41196,경기도,부천시 오정구,수도권,female,여성,205,38,0.814634,228.75,1.1159,0.0,4.61,228.75,0,0.000135,0.14186
41210,경기도,광명시,수도권,male,남성,168,41,0.755952,1364.71,8.1233,0.0,8.59,1364.71,0,0.000807,0.88404
41210,경기도,광명시,수도권,female,여성,123,22,0.821138,179.01,1.4554,0.0,4.34,179.01,0,0.000106,0.11596
41220,경기도,평택시,수도권,male,남성,299,133,0.555184,5994.8,20.0495,0.0,8.0,5994.8,0,0.003547,0.915564
41220,경기도,평택시,수도권,female,여성,241,67,0.721992,552.86,2.294,0.0,6.54,552.86,0,0.000327,0.084436
41250,경기도,동두천시,수도권,male,남성,150,14,0.906667,122.02,0.8135,0.0,8.66,122.02,0,7.2e-05,0.803821
41250,경기도,동두천시,수도권,female,여성,177,5,0.971751,29.78,0.1682,0.0,6.0,29.78,0,1.8e-05,0.196179
41271,경기도,안산시 상록구,수도권,male,남성,151,42,0.721854,269.34,1.7837,0.0,4.82,269.34,0,0.000159,0.642203
41271,경기도,안산시 상록구,수도권,female,여성,154,24,0.844156,150.06,0.9744,0.0,5.025,150.06,0,8.9e-05,0.357797
41273,경기도,안산시 단원구,수도권,male,남성,128,33,0.742188,2829.36,22.1044,0.0,5.15,2829.36,0,0.001674,0.954485
41273,경기도,안산시 단원구,수도권,female,여성,140,23,0.835714,134.92,0.9637,0.0,4.38,134.92,0,8e-05,0.045515
41281,경기도,고양시 덕양구,수도권,male,남성,153,44,0.712418,305.42,1.9962,0.0,5.265,305.42,0,0.000181,0.564099
41281,경기도,고양시 덕양구,수도권,female,여성,154,30,0.805195,236.01,1.5325,0.0,5.32,236.01,0,0.00014,0.435901
41285,경기도,고양시 일산동구,수도권,male,남성,120,31,0.741667,140.96,1.1747,0.0,4.0,140.96,0,8.3e-05,0.494631
41285,경기도,고양시 일산동구,수도권,female,여성,138,29,0.789855,144.02,1.0436,0.0,4.0,144.02,0,8.5e-05,0.505369
41287,경기도,고양시 일산서구,수도권,male,남성,145,41,0.717241,1372.01,9.4621,0.0,6.0,1372.01,0,0.000812,0.972539
41287,경기도,고양시 일산서구,수도권,female,여성,64,8,0.875,38.74,0.6053,0.0,5.145,38.74,0,2.3e-05,0.027461
41290,경기도,과천시,수도권,male,남성,151,26,0.827815,331.61,2.1961,0.0,6.74,331.61,0,0.000196,0.831499
41290,경기도,과천시,수도권,female,여성,157,12,0.923567,67.2,0.428,0.0,4.615,67.2,0,4e-05,0.168501
41310,경기도,구리시,수도권,male,남성,166,32,0.807229,276.59,1.6662,0.0,7.27,276.59,0,0.000164,0.686737
41310,경기도,구리시,수도권,female,여성,182,16,0.912088,126.17,0.6932,0.0,5.345,126.17,0,7.5e-05,0.313263
41360,경기도,남양주시,수도권,male,남성,166,56,0.662651,452.42,2.7254,0.0,5.275,452.42,0,0.000268,0.106434
41360,경기도,남양주시,수도권,female,여성,210,74,0.647619,3798.28,18.087,0.0,4.6,3798.28,0,0.002247,0.893566
41370,경기도,오산시,수도권,male,남성,163,47,0.711656,2856.08,17.522,0.0,7.33,2856.08,0,0.00169,0.961235
41370,경기도,오산시,수도권,female,여성,119,20,0.831933,115.18,0.9679,0.0,4.535,115.18,0,6.8e-05,0.038765
41390,경기도,시흥시,수도권,male,남성,173,68,0.606936,774.73,4.4782,0.0,6.1,774.73,0,0.000458,0.703858
41390,경기도,시흥시,수도권,female,여성,110,27,0.754545,325.96,2.9633,0.0,5.58,325.96,0,0.000193,0.296142
41410,경기도,군포시,수도권,male,남성,211,54,0.744076,933.71,4.4252,0.0,6.21,933.71,0,0.000552,0.858268
41410,경기도,군포시,수도권,female,여성,156,26,0.833333,154.19,0.9884,0.0,4.56,154.19,0,9.1e-05,0.141732
41430,경기도,의왕시,수도권,male,남성,364,56,0.846154,2155.78,5.9225,0.0,5.005,2155.78,0,0.001275,0.933747
41430,경기도,의왕시,수도권,female,여성,262,26,0.900763,152.96,0.5838,0.0,4.865,152.96,0,9.1e-05,0.066253
41450,경기도,하남시,수도권,male,남성,163,26,0.840491,244.34,1.499,0.0,5.76,244.34,0,0.000145,0.593029
41450,경기도,하남시,수도권,female,여성,163,26,0.840491,167.68,1.0287,0.0,4.925,167.68,0,9.9e-05,0.406971
41461,경기도,용인시 처인구,수도권,male,남성,246,71,0.711382,3155.63,12.8278,0.0,6.73,3155.63,0,0.001867,0.918485
41461,경기도,용인시 처인구,수도권,female,여성,189,43,0.772487,280.06,1.4818,0.0,5.11,280.06,0,0.000166,0.081515
41463,경기도,용인시 기흥구,수도권,male,남성,227,113,0.502203,1559.19,6.8687,0.0,6.61,1559.19,0,0.000923,0.805808
41463,경기도,용인시 기흥구,수도권,female,여성,149,56,0.624161,375.75,2.5218,0.0,4.935,375.75,0,0.000222,0.194192
41465,경기도,용인시 수지구,수도권,male,남성,342,133,0.611111,2375.56,6.9461,0.0,8.26,2375.56,0,0.001406,0.872329
41465,경기도,용인시 수지구,수도권,female,여성,172,41,0.761628,347.68,2.0214,0.0,6.0,347.68,0,0.000206,0.127671
41480,경기도,파주시,수도권,male,남성,138,53,0.615942,415.84,3.0133,0.0,4.88,415.84,0,0.000246,0.283982
41480,경기도,파주시,수도권,female,여성,150,49,0.673333,1048.48,6.9899,0.0,4.28,1048.48,0,0.00062,0.716018
41500,경기도,이천시,수도권,male,남성,144,34,0.763889,287.14,1.994,0.0,5.93,287.14,0,0.00017,0.738035
41500,경기도,이천시,수도권,female,여성,237,17,0.92827,101.92,0.43,0.0,5.22,101.92,0,6e-05,0.261965
41550,경기도,안성시,수도권,male,남성,107,19,0.82243,1930.99,18.0466,0.0,5.07,1930.99,0,0.001142,0.957828
41550,경기도,안성시,수도권,female,여성,107,16,0.850467,85.02,0.7946,0.0,4.69,85.02,0,5e-05,0.042172
41570,경기도,김포시,수도권,male,남성,153,47,0.69281,803.08,5.2489,0.0,7.67,803.08,0,0.000475,0.824763
41570,경기도,김포시,수도권,female,여성,132,30,0.772727,170.63,1.2927,0.0,4.49,170.63,0,0.000101,0.175237
41590,경기도,화성시,수도권,male,남성,54,30,0.444444,2931.0,54.2778,3.78,6.0,2931.0,0,0.001734,0.981479
41590,경기도,화성시,수도권,female,여성,31,4,0.870968,55.31,1.7842,0.0,4.665,55.31,0,3.3e-05,0.018521
41591,경기도,화성시 만세구,수도권,male,남성,166,47,0.716867,1085.59,6.5397,0.0,6.25,1085.59,0,0.000642,0.915553
41591,경기도,화성시 만세구,수도권,female,여성,115,13,0.886957,100.13,0.8707,0.0,5.92,100.13,0,5.9e-05,0.084447
41593,경기도,화성시 효행구,수도권,male,남성,114,24,0.789474,200.26,1.7567,0.0,4.09,200.26,0,0.000118,0.741649
41593,경기도,화성시 효행구,수도권,female,여성,93,10,0.892473,69.76,0.7501,0.0,4.91,69.76,0,4.1e-05,0.258351
41595,경기도,화성시 병점구,수도권,male,남성,162,40,0.753086,283.33,1.749,0.0,4.84,283.33,0,0.000168,0.724333
41595,경기도,화성시 병점구,수도권,female,여성,88,14,0.840909,107.83,1.2253,0.0,4.385,107.83,0,6.4e-05,0.275667
41597,경기도,화성시 동탄구,수도권,male,남성,124,45,0.637097,309.56,2.4965,0.0,6.3,309.56,0,0.000183,0.688462
41597,경기도,화성시 동탄구,수도권,female,여성,86,23,0.732558,140.08,1.6288,0.0,5.12,140.08,0,8.3e-05,0.311538
41610,경기도,광주시,수도권,male,남성,135,34,0.748148,815.14,6.0381,0.0,6.04,815.14,0,0.000482,0.776257
41610,경기도,광주시,수도권,female,여성,221,43,0.80543,234.95,1.0631,0.0,5.06,234.95,0,0.000139,0.223743
41630,경기도,양주시,수도권,male,남성,221,45,0.79638,368.69,1.6683,0.0,4.87,368.69,0,0.000218,0.554855
41630,경기도,양주시,수도권,female,여성,355,45,0.873239,295.79,0.8332,0.0,4.0,295.79,0,0.000175,0.445145
41650,경기도,포천시,수도권,male,남성,156,37,0.762821,306.12,1.9623,0.0,6.3,306.12,0,0.000181,0.73273
41650,경기도,포천시,수도권,female,여성,149,17,0.885906,111.66,0.7494,0.0,4.5,111.66,0,6.6e-05,0.26727
41670,경기도,여주시,수도권,male,남성,151,22,0.854305,3951.12,26.1664,0.0,7.185,3951.12,0,0.002338,0.973573
41670,경기도,여주시,수도권,female,여성,190,11,0.942105,107.25,0.5645,0.0,5.02,107.25,0,6.3e-05,0.026427
41800,경기도,연천군,수도권,male,남성,116,14,0.87931,91.95,0.7927,0.0,6.005,91.95,0,5.4e-05,0.468965
41800,경기도,연천군,수도권,female,여성,178,17,0.904494,104.12,0.5849,0.0,5.47,104.12,0,6.2e-05,0.531035
41820,경기도,가평군,수도권,male,남성,198,25,0.873737,290.29,1.4661,0.0,7.15,290.29,0,0.000172,0.899009
41820,경기도,가평군,수도권,female,여성,111,7,0.936937,32.61,0.2938,0.0,4.37,32.61,0,1.9e-05,0.100991
41830,경기도,양평군,수도권,male,남성,147,30,0.795918,295.77,2.012,0.0,7.575,295.77,0,0.000175,0.740184
41830,경기도,양평군,수도권,female,여성,124,10,0.919355,103.82,0.8373,0.0,5.965,103.82,0,6.1e-05,0.259816
43111,충청북도,청주시 상당구,기타 지역,male,남성,198,59,0.70202,405.11,2.046,0.0,4.53,405.11,0,0.00024,0.695743
43111,충청북도,청주시 상당구,기타 지역,female,여성,182,28,0.846154,177.16,0.9734,0.0,4.57,177.16,0,0.000105,0.304257
43112,충청북도,청주시 서원구,기타 지역,male,남성,235,96,0.591489,3251.44,13.8359,0.0,8.405,3251.44,0,0.001924,0.871959
43112,충청북도,청주시 서원구,기타 지역,female,여성,216,60,0.722222,477.45,2.2104,0.0,5.685,477.45,0,0.000282,0.128041
43113,충청북도,청주시 흥덕구,기타 지역,male,남성,117,47,0.598291,589.49,5.0384,0.0,6.29,589.49,0,0.000349,0.580876
43113,충청북도,청주시 흥덕구,기타 지역,female,여성,110,46,0.581818,425.34,3.8667,0.0,6.955,425.34,0,0.000252,0.419124
43114,충청북도,청주시 청원구,기타 지역,male,남성,185,52,0.718919,343.98,1.8594,0.0,6.0,343.98,0,0.000204,0.652169
43114,충청북도,청주시 청원구,기타 지역,female,여성,178,25,0.859551,183.46,1.0307,0.0,4.67,183.46,0,0.000109,0.347831
43130,충청북도,충주시,기타 지역,male,남성,131,45,0.656489,365.16,2.7875,0.0,6.04,365.16,0,0.000216,0.819222
43130,충청북도,충주시,기타 지역,female,여성,60,8,0.866667,80.58,1.343,0.0,4.735,80.58,0,4.8e-05,0.180778
43150,충청북도,제천시,기타 지역,male,남성,104,7,0.932692,42.07,0.4045,0.0,4.37,42.07,0,2.5e-05,0.609004
43150,충청북도,제천시,기타 지역,female,여성,114,6,0.947368,27.01,0.2369,0.0,4.04,27.01,0,1.6e-05,0.390996
43720,충청북도,보은군,기타 지역,male,남성,241,33,0.863071,225.8,0.9369,0.0,5.99,225.8,0,0.000134,0.642335
43720,충청북도,보은군,기타 지역,female,여성,281,19,0.932384,125.73,0.4474,0.0,4.56,125.73,0,7.4e-05,0.357665
43730,충청북도,옥천군,기타 지역,male,남성,120,24,0.8,247.48,2.0623,0.0,7.025,247.48,0,0.000146,0.688401
43730,충청북도,옥천군,기타 지역,female,여성,178,17,0.904494,112.02,0.6293,0.0,4.0,112.02,0,6.6e-05,0.311599
43740,충청북도,영동군,김천 인접 시군,male,남성,182,158,0.131868,15859.47,87.1399,17.575,20.175,15859.47,0,0.009383,0.812421
43740,충청북도,영동군,김천 인접 시군,female,여성,173,113,0.346821,3661.78,21.1664,8.07,13.93,3661.78,0,0.002167,0.187579
43745,충청북도,증평군,기타 지역,male,남성,155,21,0.864516,250.89,1.6186,0.0,6.19,250.89,0,0.000148,0.897125
43745,충청북도,증평군,기타 지역,female,여성,107,5,0.953271,28.77,0.2689,0.0,4.07,28.77,0,1.7e-05,0.102875
43750,충청북도,진천군,기타 지역,male,남성,144,48,0.666667,340.35,2.3635,0.0,5.86,340.35,0,0.000201,0.656362
43750,충청북도,진천군,기타 지역,female,여성,174,27,0.844828,178.19,1.0241,0.0,5.02,178.19,0,0.000105,0.343638
43760,충청북도,괴산군,기타 지역,male,남성,145,12,0.917241,112.6,0.7766,0.0,6.94,112.6,0,6.7e-05,0.857578
43760,충청북도,괴산군,기타 지역,female,여성,199,4,0.979899,18.7,0.094,0.0,3.48,18.7,0,1.1e-05,0.142422
43770,충청북도,음성군,기타 지역,male,남성,106,41,0.613208,432.14,4.0768,0.0,5.16,432.14,0,0.000256,0.697191
43770,충청북도,음성군,기타 지역,female,여성,110,24,0.781818,187.69,1.7063,0.0,4.475,187.69,0,0.000111,0.302809
43800,충청북도,단양군,기타 지역,male,남성,212,19,0.910377,107.48,0.507,0.0,4.28,107.48,0,6.4e-05,0.62102
43800,충청북도,단양군,기타 지역,female,여성,311,10,0.967846,65.59,0.2109,0.0,5.45,65.59,0,3.9e-05,0.37898
44131,충청남도,천안시 동남구,기타 지역,male,남성,173,74,0.572254,841.83,4.8661,0.0,6.435,841.83,0,0.000498,0.817962
44131,충청남도,천안시 동남구,기타 지역,female,여성,91,23,0.747253,187.35,2.0588,0.0,5.0,187.35,0,0.000111,0.182038
44133,충청남도,천안시 서북구,기타 지역,male,남성,185,103,0.443243,5643.38,30.5048,4.06,8.61,5643.38,0,0.003339,0.924717
44133,충청남도,천안시 서북구,기타 지역,female,여성,135,58,0.57037,459.44,3.4033,0.0,6.71,459.44,0,0.000272,0.075283
44150,충청남도,공주시,기타 지역,male,남성,157,32,0.796178,282.03,1.7964,0.0,6.635,282.03,0,0.000167,0.571907
44150,충청남도,공주시,기타 지역,female,여성,173,24,0.861272,211.11,1.2203,0.0,6.805,211.11,0,0.000125,0.428093
44180,충청남도,보령시,기타 지역,male,남성,142,6,0.957746,70.76,0.4983,0.0,8.43,70.76,0,4.2e-05,0.726713
44180,충청남도,보령시,기타 지역,female,여성,161,5,0.968944,26.61,0.1653,0.0,4.48,26.61,0,1.6e-05,0.273287
44200,충청남도,아산시,기타 지역,male,남성,193,119,0.38342,3953.84,20.4862,4.84,7.64,3953.84,0,0.002339,0.809647
44200,충청남도,아산시,기타 지역,female,여성,260,119,0.542308,929.57,3.5753,0.0,6.65,929.57,0,0.00055,0.190353
44210,충청남도,서산시,기타 지역,male,남성,150,17,0.886667,195.38,1.3025,0.0,8.82,195.38,0,0.000116,0.557814
44210,충청남도,서산시,기타 지역,female,여성,181,19,0.895028,154.88,0.8557,0.0,4.07,154.88,0,9.2e-05,0.442186
44230,충청남도,논산시,기타 지역,male,남성,83,16,0.807229,113.27,1.3647,0.0,6.505,113.27,0,6.7e-05,0.79055
44230,충청남도,논산시,기타 지역,female,여성,66,5,0.924242,30.01,0.4547,0.0,4.27,30.01,0,1.8e-05,0.20945
44250,충청남도,계룡시,기타 지역,male,남성,130,13,0.9,127.81,0.9832,0.0,7.96,127.81,0,7.6e-05,0.837549
44250,충청남도,계룡시,기타 지역,female,여성,81,4,0.950617,24.79,0.306,0.0,4.395,24.79,0,1.5e-05,0.162451
44270,충청남도,당진시,기타 지역,male,남성,122,33,0.729508,3199.82,26.228,0.0,6.89,3199.82,0,0.001893,0.91442
44270,충청남도,당진시,기타 지역,female,여성,155,28,0.819355,299.47,1.9321,0.0,6.55,299.47,0,0.000177,0.08558
44710,충청남도,금산군,기타 지역,male,남성,195,23,0.882051,318.47,1.6332,0.0,6.0,318.47,0,0.000188,0.66199
44710,충청남도,금산군,기타 지역,female,여성,210,16,0.92381,162.61,0.7743,0.0,8.65,162.61,0,9.6e-05,0.33801
44760,충청남도,부여군,기타 지역,male,남성,107,9,0.915888,74.47,0.696,0.0,6.53,74.47,0,4.4e-05,0.636061
44760,충청남도,부여군,기타 지역,female,여성,90,9,0.9,42.61,0.4734,0.0,4.37,42.61,0,2.5e-05,0.363939
44770,충청남도,서천군,기타 지역,male,남성,259,28,0.891892,496.7,1.9178,0.0,6.1,496.7,0,0.000294,0.897202
44770,충청남도,서천군,기타 지역,female,여성,156,10,0.935897,56.91,0.3648,0.0,4.825,56.91,0,3.4e-05,0.102798
44790,충청남도,청양군,기타 지역,male,남성,111,12,0.891892,132.32,1.1921,0.0,6.425,132.32,0,7.8e-05,0.810784
44790,충청남도,청양군,기타 지역,female,여성,103,5,0.951456,30.88,0.2998,0.0,4.6,30.88,0,1.8e-05,0.189216
44800,충청남도,홍성군,기타 지역,male,남성,201,29,0.855721,352.95,1.756,0.0,4.56,352.95,0,0.000209,0.847317
44800,충청남도,홍성군,기타 지역,female,여성,123,10,0.918699,63.6,0.5171,0.0,4.9,63.6,0,3.8e-05,0.152683
44810,충청남도,예산군,기타 지역,male,남성,367,54,0.852861,471.18,1.2839,0.0,5.945,471.18,0,0.000279,0.762884
44810,충청남도,예산군,기타 지역,female,여성,292,16,0.945205,146.45,0.5015,0.0,4.725,146.45,0,8.7e-05,0.237116
44825,충청남도,태안군,기타 지역,male,남성,106,18,0.830189,108.71,1.0256,0.0,4.54,108.71,0,6.4e-05,0.887573
44825,충청남도,태안군,기타 지역,female,여성,123,3,0.97561,13.77,0.112,0.0,4.23,13.77,0,8e-06,0.112427
46110,전라남도,목포시,기타 지역,male,남성,196,27,0.862245,277.43,1.4155,0.0,5.23,277.43,0,0.000164,0.893063
46110,전라남도,목포시,기타 지역,female,여성,111,8,0.927928,33.22,0.2993,0.0,4.19,33.22,0,2e-05,0.106937
46130,전라남도,여수시,기타 지역,male,남성,93,11,0.88172,80.65,0.8672,0.0,6.47,80.65,0,4.8e-05,0.595203
46130,전라남도,여수시,기타 지역,female,여성,150,8,0.946667,54.85,0.3657,0.0,5.5,54.85,0,3.2e-05,0.404797
46150,전라남도,순천시,기타 지역,male,남성,89,18,0.797753,162.2,1.8225,0.0,7.5,162.2,0,9.6e-05,0.760075
46150,전라남도,순천시,기타 지역,female,여성,78,9,0.884615,51.2,0.6564,0.0,4.0,51.2,0,3e-05,0.239925
46170,전라남도,나주시,기타 지역,male,남성,151,17,0.887417,3026.48,20.0429,0.0,6.16,3026.48,0,0.001791,0.982241
46170,전라남도,나주시,기타 지역,female,여성,133,11,0.917293,54.72,0.4114,0.0,4.0,54.72,0,3.2e-05,0.017759
46230,전라남도,광양시,기타 지역,male,남성,122,26,0.786885,522.71,4.2845,0.0,8.01,522.71,0,0.000309,0.852374
46230,전라남도,광양시,기타 지역,female,여성,121,11,0.909091,90.53,0.7482,0.0,5.56,90.53,0,5.4e-05,0.147626
46710,전라남도,담양군,기타 지역,male,남성,155,9,0.941935,94.07,0.6069,0.0,6.45,94.07,0,5.6e-05,0.715633
46710,전라남도,담양군,기타 지역,female,여성,144,5,0.965278,37.38,0.2596,0.0,4.13,37.38,0,2.2e-05,0.284367
46720,전라남도,곡성군,기타 지역,male,남성,134,14,0.895522,758.85,5.6631,0.0,8.16,758.85,0,0.000449,0.959428
46720,전라남도,곡성군,기타 지역,female,여성,141,6,0.957447,32.09,0.2276,0.0,4.52,32.09,0,1.9e-05,0.040572
46730,전라남도,구례군,기타 지역,male,남성,297,33,0.888889,3946.62,13.2883,0.0,8.1,3946.62,0,0.002335,0.982509
46730,전라남도,구례군,기타 지역,female,여성,209,10,0.952153,70.26,0.3362,0.0,4.975,70.26,0,4.2e-05,0.017491
46770,전라남도,고흥군,기타 지역,male,남성,119,12,0.89916,68.46,0.5753,0.0,5.56,68.46,0,4.1e-05,0.789893
46770,전라남도,고흥군,기타 지역,female,여성,111,2,0.981982,18.21,0.1641,0.0,9.105,18.21,0,1.1e-05,0.210107
46780,전라남도,보성군,기타 지역,male,남성,188,22,0.882979,204.55,1.088,0.0,6.535,204.55,0,0.000121,0.366295
46780,전라남도,보성군,기타 지역,female,여성,152,17,0.888158,353.88,2.3282,0.0,4.66,353.88,0,0.000209,0.633705
46790,전라남도,화순군,기타 지역,male,남성,297,33,0.888889,3436.68,11.5713,0.0,6.89,3436.68,0,0.002033,0.990558
46790,전라남도,화순군,기타 지역,female,여성,129,6,0.953488,32.76,0.254,0.0,5.59,32.76,0,1.9e-05,0.009442
46800,전라남도,장흥군,기타 지역,male,남성,273,34,0.875458,505.39,1.8512,0.0,6.6,505.39,0,0.000299,0.893105
46800,전라남도,장흥군,기타 지역,female,여성,141,7,0.950355,60.49,0.429,0.0,7.21,60.49,0,3.6e-05,0.106895
46810,전라남도,강진군,기타 지역,male,남성,98,13,0.867347,83.29,0.8499,0.0,5.43,83.29,0,4.9e-05,0.555897
46810,전라남도,강진군,기타 지역,female,여성,100,7,0.93,66.54,0.6654,0.0,5.97,66.54,0,3.9e-05,0.444103
46820,전라남도,해남군,기타 지역,male,남성,136,21,0.845588,153.61,1.1295,0.0,6.12,153.61,0,9.1e-05,0.756886
46820,전라남도,해남군,기타 지역,female,여성,117,9,0.923077,49.34,0.4217,0.0,5.35,49.34,0,2.9e-05,0.243114
46830,전라남도,영암군,기타 지역,male,남성,86,7,0.918605,166.65,1.9378,0.0,7.06,166.65,0,9.9e-05,0.898625
46830,전라남도,영암군,기타 지역,female,여성,100,3,0.97,18.8,0.188,0.0,4.72,18.8,0,1.1e-05,0.101375
46840,전라남도,무안군,기타 지역,male,남성,240,26,0.891667,162.85,0.6785,0.0,6.09,162.85,0,9.6e-05,0.853601
46840,전라남도,무안군,기타 지역,female,여성,145,5,0.965517,27.93,0.1926,0.0,6.01,27.93,0,1.7e-05,0.146399
46860,전라남도,함평군,기타 지역,male,남성,183,24,0.868852,332.45,1.8167,0.0,5.825,332.45,0,0.000197,0.877756
46860,전라남도,함평군,기타 지역,female,여성,72,4,0.944444,46.3,0.6431,0.0,11.245,46.3,0,2.7e-05,0.122244
46870,전라남도,영광군,기타 지역,male,남성,113,9,0.920354,41.6,0.3681,0.0,4.81,41.6,0,2.5e-05,0.077571
46870,전라남도,영광군,기타 지역,female,여성,163,5,0.969325,494.68,3.0348,0.0,7.24,494.68,0,0.000293,0.922429
46880,전라남도,장성군,기타 지역,male,남성,75,11,0.853333,105.3,1.404,0.0,6.84,105.3,0,6.2e-05,0.724259
46880,전라남도,장성군,기타 지역,female,여성,153,6,0.960784,40.09,0.262,0.0,5.535,40.09,0,2.4e-05,0.275741
46890,전라남도,완도군,기타 지역,male,남성,133,19,0.857143,236.29,1.7766,0.0,6.56,236.29,0,0.00014,0.871533
46890,전라남도,완도군,기타 지역,female,여성,61,4,0.934426,34.83,0.571,0.0,8.08,34.83,0,2.1e-05,0.128467
46900,전라남도,진도군,기타 지역,male,남성,155,14,0.909677,106.86,0.6894,0.0,5.85,106.86,0,6.3e-05,0.868992
46900,전라남도,진도군,기타 지역,female,여성,129,4,0.968992,16.11,0.1249,0.0,4.0,16.11,0,1e-05,0.131008
46910,전라남도,신안군,기타 지역,male,남성,188,26,0.861702,1555.22,8.2724,0.0,7.45,1555.22,0,0.00092,0.943318
46910,전라남도,신안군,기타 지역,female,여성,217,13,0.940092,93.45,0.4306,0.0,6.0,93.45,0,5.5e-05,0.056682
47111,경상북도,포항시 남구,경북 기타,male,남성,299,136,0.545151,1363.37,4.5598,0.0,8.02,1363.37,0,0.000807,0.737595
47111,경상북도,포항시 남구,경북 기타,female,여성,220,67,0.695455,485.03,2.2047,0.0,5.4,485.03,0,0.000287,0.262405
47113,경상북도,포항시 북구,경북 기타,male,남성,173,69,0.601156,594.89,3.4387,0.0,6.74,594.89,0,0.000352,0.574357
47113,경상북도,포항시 북구,경북 기타,female,여성,156,56,0.641026,440.86,2.826,0.0,6.55,440.86,0,0.000261,0.425643
47130,경상북도,경주시,경북 기타,male,남성,220,125,0.431818,7506.17,34.119,4.095,8.19,7506.17,0,0.004441,0.97757
47130,경상북도,경주시,경북 기타,female,여성,61,23,0.622951,172.23,2.8234,0.0,5.49,172.23,0,0.000102,0.02243
47150,경상북도,김천시,김천시(자체),male,남성,98,78,0.204082,141230.95,1441.1321,166.93,721.495,0.0,14,0.083561,0.746259
47150,경상북도,김천시,김천시(자체),female,여성,98,56,0.428571,48020.95,490.0097,10.13,72.155,0.0,3,0.028412,0.253741
47170,경상북도,안동시,경북 기타,male,남성,156,100,0.358974,1463.12,9.379,5.055,8.0,1463.12,0,0.000866,0.759187
47170,경상북도,안동시,경북 기타,female,여성,142,61,0.570423,464.1,3.2683,0.0,6.58,464.1,0,0.000275,0.240813
47190,경상북도,구미시,김천 인접 시군,male,남성,162,145,0.104938,294724.96,1819.2899,131.38,314.96,294724.96,15,0.174377,0.624136
47190,경상북도,구미시,김천 인접 시군,female,여성,100,81,0.19,177487.99,1774.8799,36.465,64.51,177487.99,4,0.105013,0.375864
47210,경상북도,영주시,경북 기타,male,남성,198,66,0.666667,3894.52,19.6693,0.0,5.14,3894.52,0,0.002304,0.891578
47210,경상북도,영주시,경북 기타,female,여성,282,86,0.695035,473.6,1.6794,0.0,4.39,473.6,0,0.00028,0.108422
47230,경상북도,영천시,경북 기타,male,남성,217,60,0.723502,1283.17,5.9132,0.0,7.575,1283.17,0,0.000759,0.906533
47230,경상북도,영천시,경북 기타,female,여성,114,15,0.868421,132.3,1.1605,0.0,5.83,132.3,0,7.8e-05,0.093467
47250,경상북도,상주시,김천 인접 시군,male,남성,169,140,0.171598,27323.58,161.678,23.42,34.44,27323.58,0,0.016166,0.827697
47250,경상북도,상주시,김천 인접 시군,female,여성,173,119,0.312139,5687.99,32.8786,10.9,15.29,5687.99,0,0.003365,0.172303
47280,경상북도,문경시,경북 기타,male,남성,131,65,0.503817,4267.75,32.5782,0.0,8.0,4267.75,0,0.002525,0.891879
47280,경상북도,문경시,경북 기타,female,여성,130,64,0.507692,517.37,3.9798,0.0,6.97,517.37,0,0.000306,0.108121
47290,경상북도,경산시,경북 기타,male,남성,81,60,0.259259,5140.02,63.457,9.63,14.69,5140.02,0,0.003041,0.465121
47290,경상북도,경산시,경북 기타,female,여성,111,71,0.36036,5910.91,53.2514,5.54,10.88,5910.91,0,0.003497,0.534879
47730,경상북도,의성군,경북 기타,male,남성,280,73,0.739286,561.08,2.0039,0.0,5.78,561.08,0,0.000332,0.688163
47730,경상북도,의성군,경북 기타,female,여성,254,49,0.807087,254.25,1.001,0.0,4.34,254.25,0,0.00015,0.311837
47750,경상북도,청송군,경북 기타,male,남성,132,22,0.833333,574.22,4.3502,0.0,5.87,574.22,0,0.00034,0.906883
47750,경상북도,청송군,경북 기타,female,여성,188,8,0.957447,58.96,0.3136,0.0,6.45,58.96,0,3.5e-05,0.093117
47760,경상북도,영양군,경북 기타,male,남성,174,16,0.908046,246.87,1.4188,0.0,4.665,246.87,0,0.000146,0.95056
47760,경상북도,영양군,경북 기타,female,여성,97,2,0.979381,12.84,0.1324,0.0,6.42,12.84,0,8e-06,0.04944
47770,경상북도,영덕군,경북 기타,male,남성,76,12,0.842105,72.09,0.9486,0.0,6.28,72.09,0,4.3e-05,0.556551
47770,경상북도,영덕군,경북 기타,female,여성,76,6,0.921053,57.44,0.7558,0.0,4.44,57.44,0,3.4e-05,0.443449
47820,경상북도,청도군,경북 기타,male,남성,124,29,0.766129,4465.78,36.0144,0.0,6.94,4465.78,0,0.002642,0.977991
47820,경상북도,청도군,경북 기타,female,여성,142,20,0.859155,100.5,0.7077,0.0,4.05,100.5,0,5.9e-05,0.022009
47830,경상북도,고령군,경북 기타,male,남성,92,21,0.771739,181.04,1.9678,0.0,5.16,181.04,0,0.000107,0.613009
47830,경상북도,고령군,경북 기타,female,여성,82,15,0.817073,114.29,1.3938,0.0,4.0,114.29,0,6.8e-05,0.386991
47840,경상북도,성주군,김천 인접 시군,male,남성,128,77,0.398438,4338.49,33.8945,6.05,14.36,4338.49,0,0.002567,0.837527
47840,경상북도,성주군,김천 인접 시군,female,여성,140,68,0.514286,841.63,6.0116,0.0,8.535,841.63,0,0.000498,0.162473
47850,경상북도,칠곡군,김천 인접 시군,male,남성,303,270,0.108911,109626.81,361.8047,25.58,29.335,109626.81,0,0.064862,0.540516
47850,경상북도,칠곡군,김천 인접 시군,female,여성,111,88,0.207207,93192.16,839.569,25.58,37.995,93192.16,0,0.055138,0.459484
47900,경상북도,예천군,경북 기타,male,남성,200,50,0.75,332.3,1.6615,0.0,6.0,332.3,0,0.000197,0.809303
47900,경상북도,예천군,경북 기타,female,여성,79,12,0.848101,78.3,0.9911,0.0,5.42,78.3,0,4.6e-05,0.190697
47920,경상북도,봉화군,경북 기타,male,남성,171,8,0.953216,61.3,0.3585,0.0,7.235,61.3,0,3.6e-05,0.722366
47920,경상북도,봉화군,경북 기타,female,여성,92,4,0.956522,23.56,0.2561,0.0,4.875,23.56,0,1.4e-05,0.277634
47930,경상북도,울진군,경북 기타,male,남성,83,25,0.698795,200.62,2.4171,0.0,5.49,200.62,0,0.000119,0.730218
47930,경상북도,울진군,경북 기타,female,여성,90,13,0.855556,74.12,0.8236,0.0,4.25,74.12,0,4.4e-05,0.269782
47940,경상북도,울릉군,경북 기타,male,남성,127,24,0.811024,171.98,1.3542,0.0,6.27,171.98,0,0.000102,0.761142
47940,경상북도,울릉군,경북 기타,female,여성,97,11,0.886598,53.97,0.5564,0.0,4.11,53.97,0,3.2e-05,0.238858
48121,경상남도,창원시 의창구,기타 지역,male,남성,184,50,0.728261,510.59,2.7749,0.0,7.395,510.59,0,0.000302,0.707277
48121,경상남도,창원시 의창구,기타 지역,female,여성,110,16,0.854545,211.32,1.9211,0.0,6.865,211.32,0,0.000125,0.292723
48123,경상남도,창원시 성산구,기타 지역,male,남성,128,30,0.765625,240.56,1.8794,0.0,6.19,240.56,0,0.000142,0.580026
48123,경상남도,창원시 성산구,기타 지역,female,여성,162,31,0.808642,174.18,1.0752,0.0,4.24,174.18,0,0.000103,0.419974
48125,경상남도,창원시 마산합포구,기타 지역,male,남성,271,64,0.763838,477.44,1.7618,0.0,5.615,477.44,0,0.000282,0.708294
48125,경상남도,창원시 마산합포구,기타 지역,female,여성,241,39,0.838174,196.63,0.8159,0.0,4.38,196.63,0,0.000116,0.291706
48127,경상남도,창원시 마산회원구,기타 지역,male,남성,305,63,0.793443,899.89,2.9505,0.0,5.62,899.89,0,0.000532,0.777047
48127,경상남도,창원시 마산회원구,기타 지역,female,여성,213,27,0.873239,258.2,1.2122,0.0,5.06,258.2,0,0.000153,0.222953
48129,경상남도,창원시 진해구,기타 지역,male,남성,238,80,0.663866,951.32,3.9971,0.0,6.17,951.32,0,0.000563,0.77873
48129,경상남도,창원시 진해구,기타 지역,female,여성,123,25,0.796748,270.31,2.1976,0.0,5.09,270.31,0,0.00016,0.22127
48170,경상남도,진주시,기타 지역,male,남성,109,29,0.733945,279.31,2.5625,0.0,6.43,279.31,0,0.000165,0.5776
48170,경상남도,진주시,기타 지역,female,여성,128,31,0.757812,204.26,1.5958,0.0,5.52,204.26,0,0.000121,0.4224
48220,경상남도,통영시,기타 지역,male,남성,149,25,0.832215,3784.43,25.3989,0.0,10.37,3784.43,0,0.002239,0.97747
48220,경상남도,통영시,기타 지역,female,여성,112,14,0.875,87.23,0.7788,0.0,5.07,87.23,0,5.2e-05,0.02253
48240,경상남도,사천시,기타 지역,male,남성,110,19,0.827273,214.34,1.9485,0.0,6.5,214.34,0,0.000127,0.795236
48240,경상남도,사천시,기타 지역,female,여성,123,10,0.918699,55.19,0.4487,0.0,4.315,55.19,0,3.3e-05,0.204764
48250,경상남도,김해시,기타 지역,male,남성,202,118,0.415842,2333.99,11.5544,4.225,8.265,2333.99,0,0.001381,0.80603
48250,경상남도,김해시,기타 지역,female,여성,161,62,0.614907,561.67,3.4886,0.0,5.94,561.67,0,0.000332,0.19397
48270,경상남도,밀양시,기타 지역,male,남성,232,62,0.732759,7912.8,34.1069,0.0,8.1,7912.8,0,0.004682,0.988292
48270,경상남도,밀양시,기타 지역,female,여성,83,11,0.86747,93.74,1.1294,0.0,6.78,93.74,0,5.5e-05,0.011708
48310,경상남도,거제시,기타 지역,male,남성,149,23,0.845638,226.86,1.5226,0.0,6.36,226.86,0,0.000134,0.755872
48310,경상남도,거제시,기타 지역,female,여성,95,14,0.852632,73.27,0.7713,0.0,4.225,73.27,0,4.3e-05,0.244128
48330,경상남도,양산시,기타 지역,male,남성,273,112,0.589744,898.84,3.2925,0.0,6.1,898.84,0,0.000532,0.726717
48330,경상남도,양산시,기타 지역,female,여성,184,53,0.711957,338.01,1.837,0.0,5.65,338.01,0,0.0002,0.273283
48720,경상남도,의령군,기타 지역,male,남성,142,19,0.866197,136.4,0.9606,0.0,5.98,136.4,0,8.1e-05,0.8413
48720,경상남도,의령군,기타 지역,female,여성,99,6,0.939394,25.73,0.2599,0.0,4.0,25.73,0,1.5e-05,0.1587
48730,경상남도,함안군,기타 지역,male,남성,124,18,0.854839,185.2,1.4935,0.0,5.505,185.2,0,0.00011,0.539611
48730,경상남도,함안군,기타 지역,female,여성,172,20,0.883721,158.01,0.9187,0.0,5.15,158.01,0,9.3e-05,0.460389
48740,경상남도,창녕군,기타 지역,male,남성,123,21,0.829268,197.78,1.608,0.0,6.0,197.78,0,0.000117,0.573591
48740,경상남도,창녕군,기타 지역,female,여성,152,18,0.881579,147.03,0.9673,0.0,5.27,147.03,0,8.7e-05,0.426409
48820,경상남도,고성군,기타 지역,male,남성,133,17,0.87218,3120.01,23.4587,0.0,7.63,3120.01,0,0.001846,0.977793
48820,경상남도,고성군,기타 지역,female,여성,141,7,0.950355,70.86,0.5026,0.0,6.3,70.86,0,4.2e-05,0.022207
48840,경상남도,남해군,기타 지역,male,남성,449,78,0.826281,6817.82,15.1845,0.0,6.47,6817.82,0,0.004034,0.993065
48840,경상남도,남해군,기타 지역,female,여성,215,6,0.972093,47.61,0.2214,0.0,5.835,47.61,0,2.8e-05,0.006935
48850,경상남도,하동군,기타 지역,male,남성,196,22,0.887755,263.05,1.3421,0.0,4.595,263.05,0,0.000156,0.32057
48850,경상남도,하동군,기타 지역,female,여성,153,3,0.980392,557.52,3.6439,0.0,6.46,557.52,0,0.00033,0.67943
48860,경상남도,산청군,기타 지역,male,남성,109,18,0.834862,122.77,1.1263,0.0,4.295,122.77,0,7.3e-05,0.732299
48860,경상남도,산청군,기타 지역,female,여성,72,9,0.875,44.88,0.6233,0.0,4.76,44.88,0,2.7e-05,0.267701
48870,경상남도,함양군,기타 지역,male,남성,234,28,0.880342,2941.9,12.5722,0.0,6.0,2941.9,0,0.001741,0.975596
48870,경상남도,함양군,기타 지역,female,여성,187,13,0.930481,73.59,0.3935,0.0,4.62,73.59,0,4.4e-05,0.024404
48880,경상남도,거창군,김천 인접 시군,male,남성,103,38,0.631068,364.32,3.5371,0.0,6.635,364.32,0,0.000216,0.686722
48880,경상남도,거창군,김천 인접 시군,female,여성,69,18,0.73913,166.2,2.4087,0.0,7.74,166.2,0,9.8e-05,0.313278
48890,경상남도,합천군,기타 지역,male,남성,108,18,0.833333,143.94,1.3328,0.0,5.075,143.94,0,8.5e-05,0.817144
48890,경상남도,합천군,기타 지역,female,여성,62,7,0.887097,32.21,0.5195,0.0,4.36,32.21,0,1.9e-05,0.182856
50110,제주특별자치도,제주시,기타 지역,male,남성,87,24,0.724138,258.12,2.9669,0.0,8.23,258.12,0,0.000153,0.64321
50110,제주특별자치도,제주시,기타 지역,female,여성,128,14,0.890625,143.18,1.1186,0.0,6.39,143.18,0,8.5e-05,0.35679
50130,제주특별자치도,서귀포시,기타 지역,male,남성,182,27,0.851648,226.36,1.2437,0.0,6.54,226.36,0,0.000134,0.619655
50130,제주특별자치도,서귀포시,기타 지역,female,여성,204,13,0.936275,138.94,0.6811,0.0,5.68,138.94,0,8.2e-05,0.380345
51110,강원특별자치도,춘천시,기타 지역,male,남성,147,12,0.918367,129.21,0.879,0.0,9.065,129.21,0,7.6e-05,0.790324
51110,강원특별자치도,춘천시,기타 지역,female,여성,132,7,0.94697,34.28,0.2597,0.0,4.97,34.28,0,2e-05,0.209676
51130,강원특별자치도,원주시,기타 지역,male,남성,141,61,0.567376,715.99,5.0779,0.0,10.28,715.99,0,0.000424,0.706906
51130,강원특별자치도,원주시,기타 지역,female,여성,124,39,0.685484,296.86,2.394,0.0,5.12,296.86,0,0.000176,0.293094
51150,강원특별자치도,강릉시,기타 지역,male,남성,204,41,0.79902,870.43,4.2668,0.0,8.47,870.43,0,0.000515,0.879116
51150,강원특별자치도,강릉시,기타 지역,female,여성,87,15,0.827586,119.69,1.3757,0.0,4.44,119.69,0,7.1e-05,0.120884
51170,강원특별자치도,동해시,기타 지역,male,남성,134,17,0.873134,157.38,1.1745,0.0,5.98,157.38,0,9.3e-05,0.978184
51170,강원특별자치도,동해시,기타 지역,female,여성,139,1,0.992806,3.51,0.0253,0.0,3.51,3.51,0,2e-06,0.021816
51190,강원특별자치도,태백시,기타 지역,male,남성,217,40,0.815668,883.71,4.0724,0.0,7.81,883.71,0,0.000523,0.892754
51190,강원특별자치도,태백시,기타 지역,female,여성,167,12,0.928144,106.16,0.6357,0.0,4.83,106.16,0,6.3e-05,0.107246
51210,강원특별자치도,속초시,기타 지역,male,남성,251,26,0.896414,220.36,0.8779,0.0,5.515,220.36,0,0.00013,0.872782
51210,강원특별자치도,속초시,기타 지역,female,여성,148,7,0.952703,32.12,0.217,0.0,4.16,32.12,0,1.9e-05,0.127218
51230,강원특별자치도,삼척시,기타 지역,male,남성,211,31,0.853081,419.46,1.988,0.0,8.7,419.46,0,0.000248,0.804858
51230,강원특별자치도,삼척시,기타 지역,female,여성,212,16,0.924528,101.7,0.4797,0.0,4.525,101.7,0,6e-05,0.195142
51720,강원특별자치도,홍천군,기타 지역,male,남성,207,18,0.913043,195.0,0.942,0.0,8.0,195.0,0,0.000115,0.754907
51720,강원특별자치도,홍천군,기타 지역,female,여성,128,12,0.90625,63.31,0.4946,0.0,4.855,63.31,0,3.7e-05,0.245093
51730,강원특별자치도,횡성군,기타 지역,male,남성,141,16,0.886525,162.5,1.1525,0.0,7.375,162.5,0,9.6e-05,0.649403
51730,강원특별자치도,횡성군,기타 지역,female,여성,133,10,0.924812,87.73,0.6596,0.0,5.73,87.73,0,5.2e-05,0.350597
51750,강원특별자치도,영월군,기타 지역,male,남성,125,7,0.944,35.91,0.2873,0.0,4.9,35.91,0,2.1e-05,0.356285
51750,강원특별자치도,영월군,기타 지역,female,여성,123,12,0.902439,64.88,0.5275,0.0,4.46,64.88,0,3.8e-05,0.643715
51760,강원특별자치도,평창군,기타 지역,male,남성,126,21,0.833333,215.73,1.7121,0.0,7.4,215.73,0,0.000128,0.750522
51760,강원특별자치도,평창군,기타 지역,female,여성,130,11,0.915385,71.71,0.5516,0.0,4.66,71.71,0,4.2e-05,0.249478
51770,강원특별자치도,정선군,기타 지역,male,남성,130,8,0.938462,181.43,1.3956,0.0,10.44,181.43,0,0.000107,0.630622
51770,강원특별자치도,정선군,기타 지역,female,여성,195,14,0.928205,106.27,0.545,0.0,4.745,106.27,0,6.3e-05,0.369378
51780,강원특별자치도,철원군,기타 지역,male,남성,162,9,0.944444,84.34,0.5206,0.0,4.96,84.34,0,5e-05,0.779554
51780,강원특별자치도,철원군,기타 지역,female,여성,107,5,0.953271,23.85,0.2229,0.0,4.0,23.85,0,1.4e-05,0.220446
51790,강원특별자치도,화천군,기타 지역,male,남성,237,14,0.940928,78.33,0.3305,0.0,5.245,78.33,0,4.6e-05,0.659621
51790,강원특별자치도,화천군,기타 지역,female,여성,261,10,0.961686,40.42,0.1549,0.0,4.115,40.42,0,2.4e-05,0.340379
51800,강원특별자치도,양구군,기타 지역,male,남성,140,17,0.878571,153.7,1.0979,0.0,4.59,153.7,0,9.1e-05,0.691066
51800,강원특별자치도,양구군,기타 지역,female,여성,165,13,0.921212,68.71,0.4164,0.0,4.97,68.71,0,4.1e-05,0.308934
51810,강원특별자치도,인제군,기타 지역,male,남성,166,20,0.879518,6795.51,40.9368,0.0,6.49,6795.51,0,0.004021,0.997073
51810,강원특별자치도,인제군,기타 지역,female,여성,114,4,0.964912,19.95,0.175,0.0,5.24,19.95,0,1.2e-05,0.002927
51820,강원특별자치도,고성군,기타 지역,male,남성,230,19,0.917391,304.33,1.3232,0.0,4.17,304.33,0,0.00018,0.765918
51820,강원특별자치도,고성군,기타 지역,female,여성,109,16,0.853211,93.01,0.8533,0.0,4.17,93.01,0,5.5e-05,0.234082
51830,강원특별자치도,양양군,기타 지역,male,남성,131,13,0.900763,187.05,1.4279,0.0,14.08,187.05,0,0.000111,0.806598
51830,강원특별자치도,양양군,기타 지역,female,여성,184,7,0.961957,44.85,0.2438,0.0,4.44,44.85,0,2.7e-05,0.193402
52111,전북특별자치도,전주시 완산구,기타 지역,male,남성,133,35,0.736842,518.7,3.9,0.0,4.39,518.7,0,0.000307,0.739605
52111,전북특별자치도,전주시 완산구,기타 지역,female,여성,189,26,0.862434,182.62,0.9662,0.0,4.76,182.62,0,0.000108,0.260395
52113,전북특별자치도,전주시 덕진구,기타 지역,male,남성,116,42,0.637931,347.73,2.9977,0.0,6.44,347.73,0,0.000206,0.793542
52113,전북특별자치도,전주시 덕진구,기타 지역,female,여성,109,20,0.816514,90.47,0.83,0.0,4.13,90.47,0,5.4e-05,0.206458
52130,전북특별자치도,군산시,기타 지역,male,남성,242,44,0.818182,394.69,1.631,0.0,5.965,394.69,0,0.000234,0.850423
52130,전북특별자치도,군산시,기타 지역,female,여성,106,9,0.915094,69.42,0.6549,0.0,7.81,69.42,0,4.1e-05,0.149577
52140,전북특별자치도,익산시,기타 지역,male,남성,177,55,0.689266,583.21,3.295,0.0,6.0,583.21,0,0.000345,0.658466
52140,전북특별자치도,익산시,기타 지역,female,여성,107,25,0.766355,302.5,2.8271,0.0,6.2,302.5,0,0.000179,0.341534
52180,전북특별자치도,정읍시,기타 지역,male,남성,164,22,0.865854,147.23,0.8977,0.0,4.515,147.23,0,8.7e-05,0.711153
52180,전북특별자치도,정읍시,기타 지역,female,여성,110,13,0.881818,59.8,0.5436,0.0,4.13,59.8,0,3.5e-05,0.288847
52190,전북특별자치도,남원시,기타 지역,male,남성,228,20,0.912281,214.6,0.9412,0.0,9.315,214.6,0,0.000127,0.907822
52190,전북특별자치도,남원시,기타 지역,female,여성,143,3,0.979021,21.79,0.1524,0.0,4.5,21.79,0,1.3e-05,0.092178
52210,전북특별자치도,김제시,기타 지역,male,남성,237,19,0.919831,213.83,0.9022,0.0,6.08,213.83,0,0.000127,0.886967
52210,전북특별자치도,김제시,기타 지역,female,여성,126,4,0.968254,27.25,0.2163,0.0,6.625,27.25,0,1.6e-05,0.113033
52710,전북특별자치도,완주군,기타 지역,male,남성,91,16,0.824176,153.34,1.6851,0.0,9.715,153.34,0,9.1e-05,0.930235
52710,전북특별자치도,완주군,기타 지역,female,여성,74,2,0.972973,11.5,0.1554,0.0,5.75,11.5,0,7e-06,0.069765
52720,전북특별자치도,진안군,기타 지역,male,남성,122,18,0.852459,132.89,1.0893,0.0,6.0,132.89,0,7.9e-05,0.771674
52720,전북특별자치도,진안군,기타 지역,female,여성,121,5,0.958678,39.32,0.325,0.0,8.5,39.32,0,2.3e-05,0.228326
52730,전북특별자치도,무주군,김천 인접 시군,male,남성,104,18,0.826923,375.96,3.615,0.0,4.33,375.96,0,0.000222,0.73218
52730,전북특별자치도,무주군,김천 인접 시군,female,여성,88,15,0.829545,137.52,1.5627,0.0,4.75,137.52,0,8.1e-05,0.26782
52740,전북특별자치도,장수군,기타 지역,male,남성,181,20,0.889503,99.77,0.5512,0.0,4.04,99.77,0,5.9e-05,0.668879
52740,전북특별자치도,장수군,기타 지역,female,여성,191,7,0.963351,49.39,0.2586,0.0,6.0,49.39,0,2.9e-05,0.331121
52750,전북특별자치도,임실군,기타 지역,male,남성,159,16,0.899371,2487.82,15.6467,0.0,6.015,2487.82,0,0.001472,0.982408
52750,전북특별자치도,임실군,기타 지역,female,여성,221,7,0.968326,44.55,0.2016,0.0,6.0,44.55,0,2.6e-05,0.017592
52770,전북특별자치도,순창군,기타 지역,male,남성,170,27,0.841176,1503.11,8.8418,0.0,8.86,1503.11,0,0.000889,0.95546
52770,전북특별자치도,순창군,기타 지역,female,여성,140,7,0.95,70.07,0.5005,0.0,9.4,70.07,0,4.1e-05,0.04454
52790,전북특별자치도,고창군,기타 지역,male,남성,127,30,0.76378,235.9,1.8575,0.0,5.815,235.9,0,0.00014,0.769331
52790,전북특별자치도,고창군,기타 지역,female,여성,125,12,0.904,70.73,0.5658,0.0,4.845,70.73,0,4.2e-05,0.230669
52800,전북특별자치도,부안군,기타 지역,male,남성,107,16,0.850467,119.7,1.1187,0.0,5.81,119.7,0,7.1e-05,0.735077
52800,전북특별자치도,부안군,기타 지역,female,여성,80,5,0.9375,43.14,0.5392,0.0,8.01,43.14,0,2.6e-05,0.264923
