origin_region_code,sido_name,sigungu_name,origin_zone,population_rank,row_count,nonzero_rows,zero_ratio,population_sum,population_mean,population_median,nonzero_median,external_population_sum,capped_rows,share_of_total
11110,서울특별시,종로구,수도권,80,407,86,0.788698,1359.1,3.3393,0.0,7.845,1359.1,0,0.000804
11140,서울특별시,중구,수도권,19,404,49,0.878713,6244.64,15.457,0.0,5.71,6244.64,0,0.003695
11170,서울특별시,용산구,수도권,45,223,39,0.825112,3283.98,14.7264,0.0,6.34,3283.98,0,0.001943
11200,서울특별시,성동구,수도권,210,226,39,0.827434,252.0,1.115,0.0,5.44,252.0,0,0.000149
11215,서울특별시,광진구,수도권,146,280,78,0.721429,521.1,1.8611,0.0,4.635,521.1,0,0.000308
11230,서울특별시,동대문구,수도권,132,252,42,0.833333,583.61,2.3159,0.0,8.44,583.61,0,0.000345
11260,서울특별시,중랑구,수도권,155,228,54,0.763158,481.02,2.1097,0.0,5.38,481.02,0,0.000285
11290,서울특별시,성북구,수도권,73,310,74,0.76129,1510.77,4.8735,0.0,5.91,1510.77,0,0.000894
11305,서울특별시,강북구,수도권,161,345,64,0.814493,426.74,1.2369,0.0,4.47,426.74,0,0.000252
11320,서울특별시,도봉구,수도권,26,427,92,0.784543,5171.21,12.1106,0.0,5.84,5171.21,0,0.00306
11350,서울특별시,노원구,수도권,131,316,85,0.731013,597.17,1.8898,0.0,4.72,597.17,0,0.000353
11380,서울특별시,은평구,수도권,174,171,36,0.789474,396.81,2.3205,0.0,5.565,396.81,0,0.000235
11410,서울특별시,서대문구,수도권,152,241,58,0.759336,484.46,2.0102,0.0,5.2,484.46,0,0.000287
11440,서울특별시,마포구,수도권,103,269,90,0.665428,959.84,3.5682,0.0,6.38,959.84,0,0.000568
11470,서울특별시,양천구,수도권,104,329,121,0.632219,947.16,2.8789,0.0,5.08,947.16,0,0.00056
11500,서울특별시,강서구,수도권,58,358,87,0.756983,2450.73,6.8456,0.0,7.31,2450.73,0,0.00145
11530,서울특별시,구로구,수도권,129,329,87,0.735562,607.59,1.8468,0.0,4.78,607.59,0,0.000359
11545,서울특별시,금천구,수도권,240,149,27,0.818792,138.39,0.9288,0.0,4.38,138.39,0,8.2e-05
11560,서울특별시,영등포구,수도권,110,252,102,0.595238,815.99,3.2381,0.0,4.9,815.99,0,0.000483
11590,서울특별시,동작구,수도권,179,218,46,0.788991,368.99,1.6926,0.0,4.885,368.99,0,0.000218
11620,서울특별시,관악구,수도권,29,340,102,0.7,4764.64,14.0136,0.0,6.4,4764.64,0,0.002819
11650,서울특별시,서초구,수도권,117,301,70,0.767442,708.07,2.3524,0.0,5.54,708.07,0,0.000419
11680,서울특별시,강남구,수도권,106,249,91,0.634538,927.06,3.7231,0.0,6.0,927.06,0,0.000549
11710,서울특별시,송파구,수도권,82,281,140,0.501779,1329.85,4.7326,0.0,6.615,1329.85,0,0.000787
11740,서울특별시,강동구,수도권,150,262,73,0.721374,492.35,1.8792,0.0,4.68,492.35,0,0.000291
26110,부산광역시,중구,기타 지역,189,335,49,0.853731,331.84,0.9906,0.0,4.24,331.84,0,0.000196
26140,부산광역시,서구,기타 지역,175,296,41,0.861486,395.29,1.3354,0.0,5.29,395.29,0,0.000234
26170,부산광역시,동구,기타 지역,61,432,53,0.877315,2120.36,4.9082,0.0,6.12,2120.36,0,0.001255
26200,부산광역시,영도구,기타 지역,186,291,44,0.848797,349.39,1.2007,0.0,5.78,349.39,0,0.000207
26230,부산광역시,부산진구,기타 지역,87,342,111,0.675439,1191.44,3.4837,0.0,6.32,1191.44,0,0.000705
26260,부산광역시,동래구,기타 지역,84,365,122,0.665753,1238.02,3.3918,0.0,5.16,1238.02,0,0.000732
26290,부산광역시,남구,기타 지역,60,760,276,0.636842,2246.03,2.9553,0.0,5.78,2246.03,0,0.001329
26320,부산광역시,북구,기타 지역,41,493,230,0.533469,3493.65,7.0865,0.0,5.51,3493.65,0,0.002067
26350,부산광역시,해운대구,기타 지역,78,477,165,0.654088,1386.76,2.9073,0.0,6.0,1386.76,0,0.00082
26380,부산광역시,사하구,기타 지역,105,413,87,0.789346,936.03,2.2664,0.0,7.03,936.03,0,0.000554
26410,부산광역시,금정구,기타 지역,33,322,108,0.664596,4551.53,14.1352,0.0,6.37,4551.53,0,0.002693
26440,부산광역시,강서구,기타 지역,123,286,65,0.772727,659.74,2.3068,0.0,6.04,659.74,0,0.00039
26470,부산광역시,연제구,기타 지역,181,301,58,0.807309,364.55,1.2111,0.0,4.85,364.55,0,0.000216
26500,부산광역시,수영구,기타 지역,23,220,46,0.790909,5288.54,24.0388,0.0,5.515,5288.54,0,0.003129
26530,부산광역시,사상구,기타 지역,79,381,103,0.729659,1373.47,3.6049,0.0,6.0,1373.47,0,0.000813
26710,부산광역시,기장군,기타 지역,64,299,80,0.732441,1953.7,6.5341,0.0,6.075,1953.7,0,0.001156
27110,대구광역시,중구,대구,114,154,67,0.564935,772.01,5.0131,0.0,8.52,772.01,0,0.000457
27140,대구광역시,동구,대구,7,283,215,0.240283,45934.09,162.3113,12.45,24.14,45934.09,0,0.027177
27170,대구광역시,서구,대구,18,426,225,0.471831,6321.19,14.8385,3.415,8.03,6321.19,0,0.00374
27200,대구광역시,남구,대구,57,380,229,0.397368,2523.3,6.6403,3.665,6.26,2523.3,0,0.001493
27230,대구광역시,북구,대구,2,374,291,0.221925,214497.38,573.5224,13.935,21.9,214497.38,0,0.12691
27260,대구광역시,수성구,대구,9,160,110,0.3125,26355.28,164.7205,6.435,11.825,26355.28,0,0.015593
27290,대구광역시,달서구,대구,5,263,201,0.235741,79332.93,301.6461,24.58,37.84,79332.93,0,0.046938
27710,대구광역시,달성군,대구,10,214,132,0.383178,23817.97,111.2989,6.28,10.625,23817.97,0,0.014092
27720,대구광역시,군위군,대구,201,260,39,0.85,271.31,1.0435,0.0,4.51,271.31,0,0.000161
28110,인천광역시,중구,수도권,83,570,88,0.845614,1300.68,2.2819,0.0,4.82,1300.68,0,0.00077
28140,인천광역시,동구,수도권,163,246,28,0.886179,419.09,1.7036,0.0,6.09,419.09,0,0.000248
28177,인천광역시,미추홀구,수도권,122,253,86,0.660079,662.85,2.62,0.0,5.2,662.85,0,0.000392
28185,인천광역시,연수구,수도권,138,206,53,0.742718,548.53,2.6628,0.0,6.11,548.53,0,0.000325
28200,인천광역시,남동구,수도권,31,371,120,0.67655,4577.67,12.3387,0.0,6.0,4577.67,0,0.002708
28237,인천광역시,부평구,수도권,44,321,74,0.76947,3418.01,10.648,0.0,5.53,3418.01,0,0.002022
28245,인천광역시,계양구,수도권,193,269,39,0.855019,300.7,1.1178,0.0,5.33,300.7,0,0.000178
28260,인천광역시,서구,수도권,134,245,67,0.726531,566.1,2.3106,0.0,6.0,566.1,0,0.000335
28710,인천광역시,강화군,수도권,183,215,31,0.855814,357.23,1.6615,0.0,7.94,357.23,0,0.000211
28720,인천광역시,옹진군,수도권,241,319,20,0.937304,135.63,0.4252,0.0,4.0,135.63,0,8e-05
29110,광주광역시,동구,기타 지역,63,569,42,0.926186,1977.3,3.475,0.0,6.475,1977.3,0,0.00117
29140,광주광역시,서구,기타 지역,119,146,21,0.856164,700.38,4.7971,0.0,6.04,700.38,0,0.000414
29155,광주광역시,남구,기타 지역,255,219,14,0.936073,79.37,0.3624,0.0,5.825,79.37,0,4.7e-05
29170,광주광역시,북구,기타 지역,141,386,66,0.829016,539.42,1.3975,0.0,4.665,539.42,0,0.000319
29200,광주광역시,광산구,기타 지역,108,193,71,0.632124,841.64,4.3608,0.0,6.0,841.64,0,0.000498
30110,대전광역시,동구,기타 지역,49,342,193,0.435673,3077.59,8.9988,4.0,8.31,3077.59,0,0.001821
30140,대전광역시,중구,기타 지역,97,380,131,0.655263,1023.52,2.6935,0.0,5.84,1023.52,0,0.000606
30170,대전광역시,서구,기타 지역,6,264,157,0.405303,46689.46,176.854,6.025,12.0,46689.46,0,0.027624
30200,대전광역시,유성구,기타 지역,30,300,142,0.526667,4669.42,15.5647,0.0,10.91,4669.42,0,0.002763
30230,대전광역시,대덕구,기타 지역,22,344,172,0.5,5496.35,15.9778,1.5,6.515,5496.35,0,0.003252
31110,울산광역시,중구,기타 지역,115,277,73,0.736462,761.34,2.7485,0.0,4.96,761.34,0,0.00045
31140,울산광역시,남구,기타 지역,70,336,125,0.627976,1578.61,4.6982,0.0,6.52,1578.61,0,0.000934
31170,울산광역시,동구,기타 지역,206,176,34,0.806818,264.45,1.5026,0.0,6.875,264.45,0,0.000156
31200,울산광역시,북구,기타 지역,130,291,77,0.735395,598.46,2.0566,0.0,6.27,598.46,0,0.000354
31710,울산광역시,울주군,기타 지역,92,227,96,0.577093,1098.06,4.8373,0.0,4.96,1098.06,0,0.00065
36110,세종특별자치시,세종특별자치시,기타 지역,20,304,177,0.417763,6193.71,20.374,4.0,7.5,6193.71,0,0.003665
41111,경기도,수원시 장안구,수도권,139,241,67,0.721992,542.71,2.2519,0.0,5.59,542.71,0,0.000321
41113,경기도,수원시 권선구,수도권,128,334,95,0.715569,612.84,1.8349,0.0,5.1,612.84,0,0.000363
41115,경기도,수원시 팔달구,수도권,46,533,90,0.831144,3281.22,6.1561,0.0,4.815,3281.22,0,0.001941
41117,경기도,수원시 영통구,수도권,89,327,124,0.620795,1171.33,3.582,0.0,6.0,1171.33,0,0.000693
41131,경기도,성남시 수정구,수도권,112,367,94,0.743869,801.57,2.1841,0.0,5.575,801.57,0,0.000474
41133,경기도,성남시 중원구,수도권,205,203,25,0.876847,267.3,1.3167,0.0,5.4,267.3,0,0.000158
41135,경기도,성남시 분당구,수도권,77,340,125,0.632353,1390.26,4.089,0.0,5.87,1390.26,0,0.000823
41150,경기도,의정부시,수도권,81,280,116,0.585714,1341.84,4.7923,0.0,4.91,1341.84,0,0.000794
41171,경기도,안양시 만안구,수도권,151,348,63,0.818966,491.18,1.4114,0.0,6.35,491.18,0,0.000291
41173,경기도,안양시 동안구,수도권,24,543,133,0.755064,5223.27,9.6193,0.0,4.6,5223.27,0,0.00309
41192,경기도,부천시 원미구,수도권,212,175,36,0.794286,249.39,1.4251,0.0,4.5,249.39,0,0.000148
41194,경기도,부천시 소사구,수도권,157,307,60,0.80456,452.93,1.4753,0.0,5.005,452.93,0,0.000268
41196,경기도,부천시 오정구,수도권,69,582,128,0.780069,1612.5,2.7706,0.0,5.92,1612.5,0,0.000954
41210,경기도,광명시,수도권,72,291,63,0.783505,1543.72,5.3049,0.0,6.01,1543.72,0,0.000913
41220,경기도,평택시,수도권,17,540,200,0.62963,6547.66,12.1253,0.0,7.41,6547.66,0,0.003874
41250,경기도,동두천시,수도권,235,327,19,0.941896,151.8,0.4642,0.0,6.71,151.8,0,9e-05
41271,경기도,안산시 상록구,수도권,162,305,66,0.783607,419.4,1.3751,0.0,4.915,419.4,0,0.000248
41273,경기도,안산시 단원구,수도권,53,268,56,0.791045,2964.28,11.0607,0.0,4.875,2964.28,0,0.001754
41281,경기도,고양시 덕양구,수도권,140,307,74,0.758958,541.43,1.7636,0.0,5.32,541.43,0,0.00032
41285,경기도,고양시 일산동구,수도권,198,258,60,0.767442,284.98,1.1046,0.0,4.0,284.98,0,0.000169
41287,경기도,고양시 일산서구,수도권,76,209,49,0.76555,1410.75,6.75,0.0,5.96,1410.75,0,0.000835
41290,경기도,과천시,수도권,172,308,38,0.876623,398.81,1.2948,0.0,6.015,398.81,0,0.000236
41310,경기도,구리시,수도권,169,348,48,0.862069,402.76,1.1574,0.0,6.73,402.76,0,0.000238
41360,경기도,남양주시,수도권,35,376,130,0.654255,4250.7,11.3051,0.0,4.78,4250.7,0,0.002515
41370,경기도,오산시,수도권,52,282,67,0.762411,2971.26,10.5364,0.0,6.02,2971.26,0,0.001758
41390,경기도,시흥시,수도권,91,283,95,0.664311,1100.69,3.8894,0.0,6.0,1100.69,0,0.000651
41410,경기도,군포시,수도권,93,367,80,0.782016,1087.9,2.9643,0.0,5.845,1087.9,0,0.000644
41430,경기도,의왕시,수도권,59,626,82,0.86901,2308.74,3.6881,0.0,4.895,2308.74,0,0.001366
41450,경기도,하남시,수도권,167,326,52,0.840491,412.02,1.2639,0.0,5.45,412.02,0,0.000244
41461,경기도,용인시 처인구,수도권,43,435,114,0.737931,3435.69,7.8981,0.0,5.945,3435.69,0,0.002033
41463,경기도,용인시 기흥구,수도권,65,376,169,0.550532,1934.94,5.1461,0.0,5.7,1934.94,0,0.001145
41465,경기도,용인시 수지구,수도권,55,514,174,0.661479,2723.24,5.2981,0.0,6.785,2723.24,0,0.001611
41480,경기도,파주시,수도권,74,288,102,0.645833,1464.32,5.0844,0.0,4.47,1464.32,0,0.000866
41500,경기도,이천시,수도권,177,381,51,0.866142,389.06,1.0212,0.0,5.81,389.06,0,0.00023
41550,경기도,안성시,수도권,62,214,35,0.836449,2016.01,9.4206,0.0,4.81,2016.01,0,0.001193
41570,경기도,김포시,수도권,102,285,77,0.729825,973.71,3.4165,0.0,5.52,973.71,0,0.000576
41590,경기도,화성시,수도권,51,85,34,0.6,2986.31,35.1331,0.0,6.0,2986.31,0,0.001767
41591,경기도,화성시 만세구,수도권,88,281,60,0.786477,1185.72,4.2196,0.0,6.0,1185.72,0,0.000702
41593,경기도,화성시 효행구,수도권,203,207,34,0.835749,270.02,1.3044,0.0,4.35,270.02,0,0.00016
41595,경기도,화성시 병점구,수도권,176,250,54,0.784,391.16,1.5646,0.0,4.805,391.16,0,0.000231
41597,경기도,화성시 동탄구,수도권,158,210,68,0.67619,449.64,2.1411,0.0,5.88,449.64,0,0.000266
41610,경기도,광주시,수도권,94,356,77,0.783708,1050.09,2.9497,0.0,5.35,1050.09,0,0.000621
41630,경기도,양주시,수도권,121,576,90,0.84375,664.48,1.1536,0.0,4.32,664.48,0,0.000393
41650,경기도,포천시,수도권,164,305,54,0.822951,417.78,1.3698,0.0,5.725,417.78,0,0.000247
41670,경기도,여주시,수도권,36,341,33,0.903226,4058.37,11.9014,0.0,6.0,4058.37,0,0.002401
41800,경기도,연천군,수도권,221,294,31,0.894558,196.07,0.6669,0.0,6.0,196.07,0,0.000116
41820,경기도,가평군,수도권,190,309,32,0.89644,322.9,1.045,0.0,5.81,322.9,0,0.000191
41830,경기도,양평군,수도권,171,271,40,0.852399,399.59,1.4745,0.0,7.24,399.59,0,0.000236
43111,충청북도,청주시 상당구,기타 지역,133,380,87,0.771053,582.27,1.5323,0.0,4.53,582.27,0,0.000345
43112,충청북도,청주시 서원구,기타 지역,39,451,156,0.654102,3728.89,8.268,0.0,6.945,3728.89,0,0.002206
43113,충청북도,청주시 흥덕구,기타 지역,98,227,93,0.590308,1014.83,4.4706,0.0,6.65,1014.83,0,0.0006
43114,충청북도,청주시 청원구,기타 지역,144,363,77,0.787879,527.44,1.453,0.0,5.7,527.44,0,0.000312
43130,충청북도,충주시,기타 지역,159,191,53,0.722513,445.74,2.3337,0.0,6.0,445.74,0,0.000264
43150,충청북도,제천시,기타 지역,256,218,13,0.940367,69.08,0.3169,0.0,4.2,69.08,0,4.1e-05
43720,충청북도,보은군,기타 지역,184,522,52,0.900383,351.53,0.6734,0.0,5.485,351.53,0,0.000208
43730,충청북도,옥천군,기타 지역,182,298,41,0.862416,359.5,1.2064,0.0,6.16,359.5,0,0.000213
43740,충청북도,영동군,김천 인접 시군,11,355,271,0.23662,19521.25,54.9894,12.26,17.0,19521.25,0,0.01155
43745,충청북도,증평군,기타 지역,199,262,26,0.900763,279.66,1.0674,0.0,5.965,279.66,0,0.000165
43750,충청북도,진천군,기타 지역,147,318,75,0.764151,518.54,1.6306,0.0,5.2,518.54,0,0.000307
43760,충청북도,괴산군,기타 지역,244,344,16,0.953488,131.3,0.3817,0.0,6.73,131.3,0,7.8e-05
43770,충청북도,음성군,기타 지역,125,216,65,0.699074,619.83,2.8696,0.0,4.77,619.83,0,0.000367
43800,충청북도,단양군,기타 지역,225,523,29,0.944551,173.07,0.3309,0.0,4.42,173.07,0,0.000102
44131,충청남도,천안시 동남구,기타 지역,96,264,97,0.632576,1029.18,3.8984,0.0,6.0,1029.18,0,0.000609
44133,충청남도,천안시 서북구,기타 지역,21,320,161,0.496875,6102.82,19.0713,3.345,8.0,6102.82,0,0.003611
44150,충청남도,공주시,기타 지역,149,330,56,0.830303,493.14,1.4944,0.0,6.665,493.14,0,0.000292
44180,충청남도,보령시,기타 지역,252,303,11,0.963696,97.37,0.3214,0.0,4.48,97.37,0,5.8e-05
44200,충청남도,아산시,기타 지역,27,453,238,0.474614,4883.41,10.7802,3.24,7.03,4883.41,0,0.002889
44210,충청남도,서산시,기타 지역,185,331,36,0.891239,350.26,1.0582,0.0,7.145,350.26,0,0.000207
44230,충청남도,논산시,기타 지역,239,149,21,0.85906,143.28,0.9616,0.0,6.0,143.28,0,8.5e-05
44250,충청남도,계룡시,기타 지역,234,211,17,0.919431,152.6,0.7232,0.0,7.15,152.6,0,9e-05
44270,충청남도,당진시,기타 지역,40,277,61,0.779783,3499.29,12.6328,0.0,6.61,3499.29,0,0.00207
44710,충청남도,금산군,기타 지역,154,405,39,0.903704,481.08,1.1879,0.0,6.54,481.08,0,0.000285
44760,충청남도,부여군,기타 지역,249,197,18,0.908629,117.08,0.5943,0.0,4.995,117.08,0,6.9e-05
44770,충청남도,서천군,기타 지역,137,415,38,0.908434,553.61,1.334,0.0,6.0,553.61,0,0.000328
44790,충청남도,청양군,기타 지역,230,214,17,0.920561,163.2,0.7626,0.0,6.0,163.2,0,9.7e-05
44800,충청남도,홍성군,기타 지역,165,324,39,0.87963,416.55,1.2856,0.0,4.56,416.55,0,0.000246
44810,충청남도,예산군,기타 지역,126,659,70,0.893778,617.63,0.9372,0.0,5.69,617.63,0,0.000365
44825,충청남도,태안군,기타 지역,247,229,21,0.908297,122.48,0.5348,0.0,4.33,122.48,0,7.2e-05
46110,전라남도,목포시,기타 지역,191,307,35,0.885993,310.65,1.0119,0.0,4.66,310.65,0,0.000184
46130,전라남도,여수시,기타 지역,242,243,19,0.921811,135.5,0.5576,0.0,6.04,135.5,0,8e-05
46150,전라남도,순천시,기타 지역,218,167,27,0.838323,213.4,1.2778,0.0,6.03,213.4,0,0.000126
46170,전라남도,나주시,기타 지역,48,284,28,0.901408,3081.2,10.8493,0.0,5.725,3081.2,0,0.001823
46230,전라남도,광양시,기타 지역,127,243,37,0.847737,613.24,2.5236,0.0,7.66,613.24,0,0.000363
46710,전라남도,담양군,기타 지역,243,299,14,0.953177,131.45,0.4396,0.0,6.225,131.45,0,7.8e-05
46720,전라남도,곡성군,기타 지역,113,275,20,0.927273,790.94,2.8761,0.0,7.02,790.94,0,0.000468
46730,전라남도,구례군,기타 지역,37,506,43,0.91502,4016.88,7.9385,0.0,6.49,4016.88,0,0.002377
46770,전라남도,고흥군,기타 지역,253,230,14,0.93913,86.67,0.3768,0.0,5.56,86.67,0,5.1e-05
46780,전라남도,보성군,기타 지역,136,340,39,0.885294,558.43,1.6424,0.0,5.76,558.43,0,0.00033
46790,전라남도,화순군,기타 지역,42,426,39,0.908451,3469.44,8.1442,0.0,6.46,3469.44,0,0.002053
46800,전라남도,장흥군,기타 지역,135,414,41,0.900966,565.88,1.3669,0.0,6.68,565.88,0,0.000335
46810,전라남도,강진군,기타 지역,236,198,20,0.89899,149.83,0.7567,0.0,5.605,149.83,0,8.9e-05
46820,전라남도,해남군,기타 지역,220,253,30,0.881423,202.95,0.8022,0.0,5.555,202.95,0,0.00012
46830,전라남도,영암군,기타 지역,223,186,10,0.946237,185.45,0.997,0.0,6.6,185.45,0,0.00011
46840,전라남도,무안군,기타 지역,222,385,31,0.919481,190.78,0.4955,0.0,6.01,190.78,0,0.000113
46860,전라남도,함평군,기타 지역,178,255,28,0.890196,378.75,1.4853,0.0,6.0,378.75,0,0.000224
46870,전라남도,영광군,기타 지역,142,276,14,0.949275,536.28,1.943,0.0,4.85,536.28,0,0.000317
46880,전라남도,장성군,기타 지역,238,228,17,0.925439,145.39,0.6377,0.0,5.99,145.39,0,8.6e-05
46890,전라남도,완도군,기타 지역,202,194,23,0.881443,271.12,1.3975,0.0,6.56,271.12,0,0.00016
46900,전라남도,진도군,기타 지역,246,284,18,0.93662,122.97,0.433,0.0,4.675,122.97,0,7.3e-05
46910,전라남도,신안군,기타 지역,68,405,39,0.903704,1648.67,4.0708,0.0,7.17,1648.67,0,0.000975
47111,경상북도,포항시 남구,경북 기타,67,519,203,0.608863,1848.4,3.5615,0.0,6.6,1848.4,0,0.001094
47113,경상북도,포항시 북구,경북 기타,95,329,125,0.620061,1035.75,3.1482,0.0,6.71,1035.75,0,0.000613
47130,경상북도,경주시,경북 기타,14,281,148,0.47331,7678.4,27.3253,3.43,7.175,7678.4,0,0.004543
47150,경상북도,김천시,김천시(자체),4,196,134,0.316327,189251.9,965.5709,25.47,169.94,0.0,17,0.111973
47170,경상북도,안동시,경북 기타,66,298,161,0.459732,1927.22,6.4672,3.81,7.47,1927.22,0,0.00114
47190,경상북도,구미시,김천 인접 시군,1,262,226,0.137405,472212.95,1802.3395,65.265,155.24,472212.95,19,0.27939
47210,경상북도,영주시,경북 기타,34,480,152,0.683333,4368.12,9.1002,0.0,4.68,4368.12,0,0.002584
47230,경상북도,영천시,경북 기타,75,331,75,0.773414,1415.47,4.2763,0.0,7.31,1415.47,0,0.000837
47250,경상북도,상주시,김천 인접 시군,8,342,259,0.24269,33011.57,96.5251,13.89,22.38,33011.57,0,0.019532
47280,경상북도,문경시,경북 기타,28,261,129,0.505747,4785.12,18.3338,0.0,7.42,4785.12,0,0.002831
47290,경상북도,경산시,경북 기타,12,192,131,0.317708,11050.93,57.5569,6.855,12.22,11050.93,0,0.006538
47730,경상북도,의성군,경북 기타,111,534,122,0.771536,815.33,1.5268,0.0,4.68,815.33,0,0.000482
47750,경상북도,청송군,경북 기타,124,320,30,0.90625,633.18,1.9787,0.0,6.145,633.18,0,0.000375
47760,경상북도,영양군,경북 기타,207,271,18,0.933579,259.71,0.9583,0.0,4.72,259.71,0,0.000154
47770,경상북도,영덕군,경북 기타,245,152,18,0.881579,129.53,0.8522,0.0,5.74,129.53,0,7.7e-05
47820,경상북도,청도군,경북 기타,32,266,49,0.815789,4566.28,17.1665,0.0,5.21,4566.28,0,0.002702
47830,경상북도,고령군,경북 기타,195,174,36,0.793103,295.33,1.6973,0.0,4.835,295.33,0,0.000175
47840,경상북도,성주군,김천 인접 시군,25,268,145,0.458955,5180.12,19.3288,4.0,11.44,5180.12,0,0.003065
47850,경상북도,칠곡군,김천 인접 시군,3,414,358,0.135266,202818.97,489.9009,25.58,31.345,202818.97,0,0.12
47900,경상북도,예천군,경북 기타,168,279,62,0.777778,410.6,1.4717,0.0,5.7,410.6,0,0.000243
47920,경상북도,봉화군,경북 기타,254,263,12,0.954373,84.86,0.3227,0.0,5.295,84.86,0,5e-05
47930,경상북도,울진군,경북 기타,200,173,38,0.780347,274.74,1.5881,0.0,4.855,274.74,0,0.000163
47940,경상북도,울릉군,경북 기타,216,224,35,0.84375,225.95,1.0087,0.0,5.06,225.95,0,0.000134
48121,경상남도,창원시 의창구,기타 지역,116,294,66,0.77551,721.91,2.4555,0.0,7.395,721.91,0,0.000427
48123,경상남도,창원시 성산구,기타 지역,166,290,61,0.789655,414.74,1.4301,0.0,5.01,414.74,0,0.000245
48125,경상남도,창원시 마산합포구,기타 지역,120,512,103,0.798828,674.07,1.3165,0.0,4.79,674.07,0,0.000399
48127,경상남도,창원시 마산회원구,기타 지역,90,518,90,0.826255,1158.09,2.2357,0.0,5.46,1158.09,0,0.000685
48129,경상남도,창원시 진해구,기타 지역,86,361,105,0.709141,1221.63,3.384,0.0,6.0,1221.63,0,0.000723
48170,경상남도,진주시,기타 지역,153,237,60,0.746835,483.57,2.0404,0.0,5.615,483.57,0,0.000286
48220,경상남도,통영시,기타 지역,38,261,39,0.850575,3871.66,14.8339,0.0,6.48,3871.66,0,0.002291
48240,경상남도,사천시,기타 지역,204,233,29,0.875536,269.53,1.1568,0.0,6.0,269.53,0,0.000159
48250,경상남도,김해시,기타 지역,54,363,180,0.504132,2895.66,7.977,0.0,6.85,2895.66,0,0.001713
48270,경상남도,밀양시,기타 지역,13,315,73,0.768254,8006.54,25.4176,0.0,8.0,8006.54,0,0.004737
48310,경상남도,거제시,기타 지역,194,244,37,0.848361,300.13,1.23,0.0,5.33,300.13,0,0.000178
48330,경상남도,양산시,기타 지역,85,457,165,0.63895,1236.85,2.7065,0.0,5.96,1236.85,0,0.000732
48720,경상남도,의령군,기타 지역,232,241,25,0.896266,162.13,0.6727,0.0,5.39,162.13,0,9.6e-05
48730,경상남도,함안군,기타 지역,188,296,38,0.871622,343.21,1.1595,0.0,5.15,343.21,0,0.000203
48740,경상남도,창녕군,기타 지역,187,275,39,0.858182,344.81,1.2539,0.0,5.5,344.81,0,0.000204
48820,경상남도,고성군,기타 지역,47,274,24,0.912409,3190.87,11.6455,0.0,7.06,3190.87,0,0.001888
48840,경상남도,남해군,기타 지역,15,664,84,0.873494,6865.43,10.3395,0.0,6.355,6865.43,0,0.004062
48850,경상남도,하동군,기타 지역,109,349,25,0.928367,820.57,2.3512,0.0,4.99,820.57,0,0.000485
48860,경상남도,산청군,기타 지역,227,181,27,0.850829,167.65,0.9262,0.0,4.48,167.65,0,9.9e-05
48870,경상남도,함양군,기타 지역,50,421,41,0.902613,3015.49,7.1627,0.0,5.26,3015.49,0,0.001784
48880,경상남도,거창군,김천 인접 시군,143,172,56,0.674419,530.52,3.0844,0.0,7.145,530.52,0,0.000314
48890,경상남도,합천군,기타 지역,224,170,25,0.852941,176.15,1.0362,0.0,4.71,176.15,0,0.000104
50110,제주특별자치도,제주시,기타 지역,170,215,38,0.823256,401.3,1.8665,0.0,6.805,401.3,0,0.000237
50130,제주특별자치도,서귀포시,기타 지역,180,386,40,0.896373,365.3,0.9464,0.0,6.52,365.3,0,0.000216
51110,강원특별자치도,춘천시,기타 지역,229,279,19,0.9319,163.49,0.586,0.0,5.86,163.49,0,9.7e-05
51130,강원특별자치도,원주시,기타 지역,99,265,100,0.622642,1012.85,3.8221,0.0,7.32,1012.85,0,0.000599
51150,강원특별자치도,강릉시,기타 지역,100,291,56,0.80756,990.12,3.4025,0.0,7.08,990.12,0,0.000586
51170,강원특별자치도,동해시,기타 지역,233,273,18,0.934066,160.89,0.5893,0.0,5.96,160.89,0,9.5e-05
51190,강원특별자치도,태백시,기타 지역,101,384,52,0.864583,989.87,2.5778,0.0,6.73,989.87,0,0.000586
51210,강원특별자치도,속초시,기타 지역,209,399,33,0.917293,252.48,0.6328,0.0,4.99,252.48,0,0.000149
51230,강원특별자치도,삼척시,기타 지역,145,423,47,0.888889,521.16,1.2321,0.0,8.02,521.16,0,0.000308
51720,강원특별자치도,홍천군,기타 지역,208,335,30,0.910448,258.31,0.7711,0.0,7.1,258.31,0,0.000153
51730,강원특별자치도,횡성군,기타 지역,211,274,26,0.905109,250.23,0.9132,0.0,6.49,250.23,0,0.000148
51750,강원특별자치도,영월군,기타 지역,251,248,19,0.923387,100.79,0.4064,0.0,4.57,100.79,0,6e-05
51760,강원특별자치도,평창군,기타 지역,197,256,32,0.875,287.44,1.1228,0.0,6.7,287.44,0,0.00017
51770,강원특별자치도,정선군,기타 지역,196,325,22,0.932308,287.7,0.8852,0.0,5.33,287.7,0,0.00017
51780,강원특별자치도,철원군,기타 지역,250,269,14,0.947955,108.19,0.4022,0.0,4.75,108.19,0,6.4e-05
51790,강원특별자치도,화천군,기타 지역,248,498,24,0.951807,118.75,0.2385,0.0,4.33,118.75,0,7e-05
51800,강원특별자치도,양구군,기타 지역,217,305,30,0.901639,222.41,0.7292,0.0,4.8,222.41,0,0.000132
51810,강원특별자치도,인제군,기타 지역,16,280,24,0.914286,6815.46,24.3409,0.0,5.735,6815.46,0,0.004032
51820,강원특별자치도,고성군,기타 지역,173,339,35,0.896755,397.34,1.1721,0.0,4.17,397.34,0,0.000235
51830,강원특별자치도,양양군,기타 지역,215,315,20,0.936508,231.9,0.7362,0.0,9.445,231.9,0,0.000137
52111,전북특별자치도,전주시 완산구,기타 지역,118,322,61,0.810559,701.32,2.178,0.0,4.6,701.32,0,0.000415
52113,전북특별자치도,전주시 덕진구,기타 지역,160,225,62,0.724444,438.2,1.9476,0.0,5.36,438.2,0,0.000259
52130,전북특별자치도,군산시,기타 지역,156,348,53,0.847701,464.11,1.3336,0.0,6.0,464.11,0,0.000275
52140,전북특별자치도,익산시,기타 지역,107,284,80,0.71831,885.71,3.1187,0.0,6.0,885.71,0,0.000524
52180,전북특별자치도,정읍시,기타 지역,219,274,35,0.872263,207.03,0.7556,0.0,4.21,207.03,0,0.000122
52190,전북특별자치도,남원시,기타 지역,214,371,23,0.938005,236.39,0.6372,0.0,8.85,236.39,0,0.00014
52210,전북특별자치도,김제시,기타 지역,213,363,23,0.936639,241.08,0.6641,0.0,6.08,241.08,0,0.000143
52710,전북특별자치도,완주군,기타 지역,228,165,18,0.890909,164.84,0.999,0.0,8.98,164.84,0,9.8e-05
52720,전북특별자치도,진안군,기타 지역,226,243,23,0.90535,172.21,0.7087,0.0,6.0,172.21,0,0.000102
52730,전북특별자치도,무주군,김천 인접 시군,148,192,33,0.828125,513.48,2.6744,0.0,4.44,513.48,0,0.000304
52740,전북특별자치도,장수군,기타 지역,237,372,27,0.927419,149.16,0.401,0.0,4.6,149.16,0,8.8e-05
52750,전북특별자치도,임실군,기타 지역,56,380,23,0.939474,2532.37,6.6641,0.0,6.0,2532.37,0,0.001498
52770,전북특별자치도,순창군,기타 지역,71,310,34,0.890323,1573.18,5.0748,0.0,8.88,1573.18,0,0.000931
52790,전북특별자치도,고창군,기타 지역,192,252,42,0.833333,306.63,1.2168,0.0,5.295,306.63,0,0.000181
52800,전북특별자치도,부안군,기타 지역,231,187,21,0.887701,162.84,0.8708,0.0,6.0,162.84,0,9.6e-05
